Date,PortfolioValue,GrossReturn,TransactionCost,NetReturn,Turnover,NStocks,Strategy,RiskProfile
2025-01-01,1003275.2956574231,0.004275295657423017,0.001,0.003275295657423017,1.0,20,BuyHold,
2025-01-08,984931.8624267197,-0.01828354920140174,0.0,-0.01828354920140174,0.0,20,BuyHold,
2025-01-15,988114.6421048965,0.0032314719419623827,0.0,0.0032314719419623827,0.0,20,BuyHold,
2025-01-22,984328.1937058205,-0.003831993007420764,0.0,-0.003831993007420764,0.0,20,BuyHold,
2025-01-29,1013811.4783414307,0.029952697508958792,0.0,0.029952697508958792,0.0,20,BuyHold,
2025-02-04,977979.7034129523,-0.03534362718707651,0.0,-0.03534362718707651,0.0,20,BuyHold,
2025-02-11,977036.5062074844,-0.0009644343355759144,0.0,-0.0009644343355759144,0.0,20,BuyHold,
2025-02-18,959683.5098134062,-0.017760847505521093,0.0,-0.017760847505521093,0.0,20,BuyHold,
2025-02-25,946931.5077458738,-0.013287716145098494,0.0,-0.013287716145098494,0.0,20,BuyHold,
2025-03-05,954903.086244345,0.008418326387139796,0.0,0.008418326387139796,0.0,20,BuyHold,
2025-03-12,975808.954882782,0.021893183653495463,0.0,0.021893183653495463,0.0,20,BuyHold,
2025-03-21,984445.9352678277,0.008851097688566734,0.0,0.008851097688566734,0.0,20,BuyHold,
2025-03-28,937398.6392378608,-0.04779063465498212,0.0,-0.04779063465498212,0.0,20,BuyHold,
2025-04-07,983039.4723681955,0.048688819483931,0.0,0.048688819483931,0.0,20,BuyHold,
2025-04-16,1015279.4766377239,0.03279624590440955,0.0,0.03279624590440955,0.0,20,BuyHold,
2025-04-24,1014983.2571284685,-0.00029176154553656186,0.0,-0.00029176154553656186,0.0,20,BuyHold,
2025-05-02,1001771.9923147421,-0.01301623915561223,0.0,-0.01301623915561223,0.0,20,BuyHold,
2025-05-09,1034264.0735005036,0.032434607310875,0.0,0.032434607310875,0.0,20,BuyHold,
2025-05-16,1026022.0657132603,-0.007968958797290426,0.0,-0.007968958797290426,0.0,20,BuyHold,
2025-05-23,1020331.8883649332,-0.005545862548649416,0.0,-0.005545862548649416,0.0,20,BuyHold,
2025-05-30,1026322.4417343802,0.00587118116934171,0.0,0.00587118116934171,0.0,20,BuyHold,
2025-06-06,1018113.8102414807,-0.007998101921095846,0.0,-0.007998101921095846,0.0,20,BuyHold,
2025-06-13,1033632.7587830748,0.015242842583495841,0.0,0.015242842583495841,0.0,20,BuyHold,
2025-06-20,1050485.8041789937,0.01630467422081372,0.0,0.01630467422081372,0.0,20,BuyHold,
2025-06-27,1044319.2176933845,-0.0058702235299873395,0.0,-0.0058702235299873395,0.0,20,BuyHold,
2025-07-04,1036787.0244038013,-0.007212539194883072,0.0,-0.007212539194883072,0.0,20,BuyHold,
2025-07-11,1025599.5503455078,-0.010790522831559124,0.0,-0.010790522831559124,0.0,20,BuyHold,
2025-07-18,1012967.2896177168,-0.012316952287601324,0.0,-0.012316952287601324,0.0,20,BuyHold,
2025-07-25,1002846.0158493863,-0.009991708391837717,0.0,-0.009991708391837717,0.0,20,BuyHold,
2025-08-01,999777.3239559854,-0.003059983132905897,0.0,-0.003059983132905897,0.0,20,BuyHold,
2025-08-08,1021208.8694115394,0.021436318810224897,0.0,0.021436318810224897,0.0,20,BuyHold,
2025-08-18,1027554.9648691237,0.0062142972389587214,0.0,0.0062142972389587214,0.0,20,BuyHold,
2025-08-25,1016147.2465161674,-0.011101808412175007,0.0,-0.011101808412175007,0.0,20,BuyHold,
2025-09-02,1019861.347641517,0.0036550816213725135,0.0,0.0036550816213725135,0.0,20,BuyHold,
2025-09-09,1038928.9503840312,0.0186962696317583,0.0,0.0186962696317583,0.0,20,BuyHold,
2025-09-16,1038272.1346764908,-0.0006322046443094642,0.0,-0.0006322046443094642,0.0,20,BuyHold,
2025-09-23,1016082.1045540536,-0.021372075182727768,0.0,-0.021372075182727768,0.0,20,BuyHold,
2025-09-30,1037007.181328864,0.020593883782643818,0.0,0.020593883782643818,0.0,20,BuyHold,
2025-10-08,1048735.058938275,0.01130935042743153,0.0,0.01130935042743153,0.0,20,BuyHold,
2025-10-15,1080385.7772608083,0.030179899158302215,0.0,0.030179899158302215,0.0,20,BuyHold,
2025-10-23,1078144.8784356536,-0.0020741654252763864,0.0,-0.0020741654252763864,0.0,20,BuyHold,
2025-10-30,1061023.657197374,-0.015880260232856602,0.0,-0.015880260232856602,0.0,20,BuyHold,
2025-11-07,1084562.7806832604,0.022185295611658162,0.0,0.022185295611658162,0.0,20,BuyHold,
2025-11-14,1095217.7098713028,0.009824170050653835,0.0,0.009824170050653835,0.0,20,BuyHold,
2025-11-21,1100540.352312701,0.004859894424117384,0.0,0.004859894424117384,0.0,20,BuyHold,
2025-11-28,1103754.6190523978,0.0029206259751786146,0.0,0.0029206259751786146,0.0,20,BuyHold,
2025-12-05,1094524.886937099,-0.008362123207441341,0.0,-0.008362123207441341,0.0,20,BuyHold,
2025-12-12,1092282.3971289336,-0.002048824869063437,0.0,-0.002048824869063437,0.0,20,BuyHold,
2025-01-01,1007486.5531863046,0.008486553186304535,0.001,0.007486553186304535,1.0,10,EqualWeight,
2025-01-08,989145.0274199997,-0.017405231333656457,0.0007999999999999999,-0.018205231333656455,0.7999999999999999,10,EqualWeight,
2025-01-15,981342.9302144211,-0.006887718170033086,0.0009999999999999998,-0.007887718170033085,0.9999999999999999,10,EqualWeight,
2025-01-22,970834.1416958811,-0.009908579228510628,0.0007999999999999999,-0.010708579228510628,0.7999999999999999,10,EqualWeight,
2025-01-29,1008374.473199698,0.03926812042501959,0.0006,0.03866812042501959,0.6,10,EqualWeight,
2025-02-04,968508.0541104836,-0.03853533151500088,0.001,-0.03953533151500088,1.0,10,EqualWeight,
2025-02-11,964594.0727042007,-0.0028412481751405316,0.0012000000000000001,-0.004041248175140531,1.2000000000000002,10,EqualWeight,
2025-02-18,943666.8906304928,-0.020695325179678314,0.001,-0.021695325179678315,1.0,10,EqualWeight,
2025-02-25,942442.1056539536,-0.00029789970242666275,0.001,-0.0012978997024266628,1.0,10,EqualWeight,
2025-03-05,944875.807509641,0.0033823356586966113,0.0008,0.0025823356586966114,0.8,10,EqualWeight,
2025-03-12,961587.7052381609,0.018486872280671918,0.0007999999999999999,0.01768687228067192,0.7999999999999999,10,EqualWeight,
2025-03-21,973283.8522297954,0.012763369943189495,0.0006,0.012163369943189496,0.6,10,EqualWeight,
2025-03-28,921953.4974674647,-0.051939346948716714,0.0008,-0.052739346948716716,0.8,10,EqualWeight,
2025-04-07,970067.5430292786,0.05358706333234764,0.0014000000000000004,0.05218706333234764,1.4000000000000004,10,EqualWeight,
2025-04-16,1004510.10273774,0.036705321207743946,0.0012000000000000001,0.035505321207743946,1.2000000000000002,10,EqualWeight,
2025-04-24,1011002.6754218967,0.007463421986958041,0.001,0.006463421986958041,1.0,10,EqualWeight,
2025-05-02,999605.1695343509,-0.010273467582852525,0.0009999999999999998,-0.011273467582852524,0.9999999999999999,10,EqualWeight,
2025-05-09,1027452.7598753024,0.02905858976091924,0.0012000000000000001,0.02785858976091924,1.2000000000000002,10,EqualWeight,
2025-05-16,1016251.5878729442,-0.010101885166688973,0.0007999999999999999,-0.010901885166688973,0.7999999999999999,10,EqualWeight,
2025-05-23,1011084.7445595253,-0.004084216718650668,0.0009999999999999998,-0.005084216718650668,0.9999999999999999,10,EqualWeight,
2025-05-30,1017333.7522034358,0.006780498397918944,0.0006,0.006180498397918944,0.6,10,EqualWeight,
2025-06-06,1006676.9547413206,-0.009875222550154938,0.0006,-0.010475222550154938,0.6,10,EqualWeight,
2025-06-13,1025014.602997028,0.019216020709860837,0.0009999999999999998,0.018216020709860836,0.9999999999999999,10,EqualWeight,
2025-06-20,1040982.2303769329,0.016177951117200884,0.0006,0.015577951117200884,0.6,10,EqualWeight,
2025-06-27,1032406.1974820539,-0.0072384046957013615,0.0009999999999999998,-0.00823840469570136,0.9999999999999999,10,EqualWeight,
2025-07-04,1020681.237771865,-0.010356924957235836,0.001,-0.011356924957235837,1.0,10,EqualWeight,
2025-07-11,1002490.9469631856,-0.01702171566941757,0.0007999999999999999,-0.01782171566941757,0.7999999999999999,10,EqualWeight,
2025-07-18,984706.1844278737,-0.01694057171208041,0.0008,-0.01774057171208041,0.8,10,EqualWeight,
2025-07-25,982837.6275114629,-0.001297578126308263,0.0006000000000000001,-0.0018975781263082631,0.6000000000000001,10,EqualWeight,
2025-08-01,987040.4602559328,0.005076222874282221,0.0007999999999999999,0.004276222874282221,0.7999999999999999,10,EqualWeight,
2025-08-08,1011314.3007758192,0.025392548631281375,0.0008,0.024592548631281377,0.8,10,EqualWeight,
2025-08-18,1017685.6778556517,0.007300095899904324,0.0009999999999999998,0.006300095899904324,0.9999999999999999,10,EqualWeight,
2025-08-25,1001630.0356262669,-0.01517662197547609,0.0006,-0.01577662197547609,0.6,10,EqualWeight,
2025-09-02,1005432.6337161219,0.004396409806618262,0.0006,0.0037964098066182624,0.6,10,EqualWeight,
2025-09-09,1024605.3622302662,0.01986913289981551,0.0007999999999999999,0.019069132899815513,0.7999999999999999,10,EqualWeight,
2025-09-16,1027042.8398265849,0.0031789428458708358,0.0007999999999999999,0.002378942845870836,0.7999999999999999,10,EqualWeight,
2025-09-23,1001564.4602885317,-0.02360751391281324,0.0012000000000000001,-0.024807513912813238,1.2000000000000002,10,EqualWeight,
2025-09-30,1031094.6152357184,0.03008402835567825,0.0006,0.02948402835567825,0.6,10,EqualWeight,
2025-10-08,1042131.6779815082,0.011104219169320917,0.0004,0.010704219169320918,0.4,10,EqualWeight,
2025-10-15,1068794.0361564634,0.026184442674842323,0.0006,0.025584442674842323,0.6,10,EqualWeight,
2025-10-23,1070931.2845994518,0.0027996822312690295,0.0007999999999999999,0.0019996822312690296,0.7999999999999999,10,EqualWeight,
2025-10-30,1043523.4779991385,-0.02499249785159119,0.0006,-0.02559249785159119,0.6,10,EqualWeight,
2025-11-07,1078493.1053525263,0.034311107407414276,0.0007999999999999999,0.033511107407414274,0.7999999999999999,10,EqualWeight,
2025-11-14,1086827.612699149,0.008927918987389871,0.0012000000000000001,0.0077279189873898715,1.2000000000000002,10,EqualWeight,
2025-11-21,1096365.4715059116,0.009375870888185478,0.0006,0.008775870888185478,0.6,10,EqualWeight,
2025-11-28,1099525.099705648,0.00368191144454455,0.0007999999999999999,0.00288191144454455,0.7999999999999999,10,EqualWeight,
2025-12-05,1095503.5793537146,-0.002657506639011653,0.0009999999999999998,-0.003657506639011653,0.9999999999999999,10,EqualWeight,
2025-12-12,1083614.3441957044,-0.010052757929849943,0.0008,-0.010852757929849943,0.8,10,EqualWeight,
2025-01-01,1014945.5126197067,0.01594551261970656,0.001,0.014945512619706558,1.0,20,RiskOnly,
2025-01-08,994112.2811218863,-0.01932645313347614,0.0012,-0.02052645313347614,1.2,20,RiskOnly,
2025-01-15,981548.3862210165,-0.011038305691879247,0.0015999999999999999,-0.012638305691879247,1.5999999999999999,20,RiskOnly,
2025-01-22,953402.1465257852,-0.027475346106568432,0.0012000000000000008,-0.028675346106568432,1.2000000000000006,20,RiskOnly,
2025-01-29,1000397.3879412842,0.05049214978878602,0.0012,0.04929214978878602,1.2,20,RiskOnly,
2025-02-04,957909.6352048973,-0.04167087532267788,0.0008000000000000001,-0.04247087532267788,0.8000000000000002,20,RiskOnly,
2025-02-11,946252.2796509285,-0.010969577510800743,0.0012000000000000001,-0.012169577510800743,1.2000000000000002,20,RiskOnly,
2025-02-18,933324.6336494547,-0.012861944366720834,0.0008000000000000001,-0.013661944366720835,0.8000000000000002,20,RiskOnly,
2025-02-25,932517.1760946665,0.0003348588415255094,0.0012,-0.0008651411584744905,1.2,20,RiskOnly,
2025-03-05,940720.8249327627,0.009197316605419115,0.0003999999999999999,0.008797316605419115,0.3999999999999999,20,RiskOnly,
2025-03-12,958337.252938172,0.0195265207046611,0.0007999999999999999,0.0187265207046611,0.7999999999999999,20,RiskOnly,
2025-03-21,972336.1269146566,0.0158074609262715,0.0012,0.0146074609262715,1.2,20,RiskOnly,
2025-03-28,937160.1014004863,-0.0353768163708863,0.0008000000000000009,-0.0361768163708863,0.8000000000000008,20,RiskOnly,
2025-04-07,983832.3404908235,0.05140177775450594,0.0015999999999999999,0.04980177775450594,1.5999999999999999,20,RiskOnly,
2025-04-16,1019004.5728627585,0.036950229916601574,0.0012000000000000008,0.035750229916601574,1.2000000000000006,20,RiskOnly,
2025-04-24,1021225.4241444619,0.0037794321054558377,0.0016000000000000007,0.002179432105455837,1.6000000000000005,20,RiskOnly,
2025-05-02,1021714.6767365559,0.001279083834505812,0.0008000000000000004,0.0004790838345058116,0.8000000000000003,20,RiskOnly,
2025-05-09,1041699.72851766,0.021160306058182643,0.0015999999999999999,0.019560306058182642,1.5999999999999999,20,RiskOnly,
2025-05-16,1029150.976907547,-0.010846419199868618,0.0012000000000000001,-0.012046419199868617,1.2000000000000002,20,RiskOnly,
2025-05-23,1027509.3516269523,-0.0007951258050860055,0.0008,-0.0015951258050860054,0.8,20,RiskOnly,
2025-05-30,1029714.4147365389,0.0025460272902577685,0.0004,0.0021460272902577683,0.4,20,RiskOnly,
2025-06-06,1021378.7299308918,-0.0076951423873967695,0.0004,-0.008095142387396769,0.4,20,RiskOnly,
2025-06-13,1041263.6791213304,0.020668732417977953,0.0012,0.019468732417977953,1.2,20,RiskOnly,
2025-06-20,1065591.696199835,0.02456393515524713,0.0012000000000000008,0.02336393515524713,1.2000000000000006,20,RiskOnly,
2025-06-27,1056219.6602162726,-0.007595147350514808,0.0012000000000000003,-0.008795147350514808,1.2000000000000004,20,RiskOnly,
2025-07-04,1061944.624176863,0.006220239914316972,0.0008,0.005420239914316971,0.8,20,RiskOnly,
2025-07-11,1059427.7337412809,-0.0007466940111171549,0.0016233829008811338,-0.002370076911998289,1.6233829008811338,20,RiskOnly,
2025-07-18,1034416.4795015051,-0.022408268353944827,0.0012000000000000001,-0.023608268353944827,1.2000000000000002,20,RiskOnly,
2025-07-25,1007369.781718058,-0.024946816412361517,0.0012000000000000001,-0.026146816412361516,1.2000000000000002,20,RiskOnly,
2025-08-01,1009287.1193358165,0.002703310633845213,0.0007999999999999999,0.001903310633845213,0.7999999999999999,20,RiskOnly,
2025-08-08,1042048.8735044999,0.0332602915672231,0.0007999999999999996,0.0324602915672231,0.7999999999999996,20,RiskOnly,
2025-08-18,1049345.5541034269,0.0078022441216096805,0.0008000000000000004,0.00700224412160968,0.8000000000000003,20,RiskOnly,
2025-08-25,1033248.2053178783,-0.01416110898085532,0.001179260759694381,-0.015340369740549701,1.179260759694381,20,RiskOnly,
2025-09-02,1022372.4938993155,-0.009725749149708807,0.0008,-0.010525749149708807,0.8,20,RiskOnly,
2025-09-09,1032442.5199858265,0.010249664526970959,0.00039999999999999964,0.00984966452697096,0.39999999999999963,20,RiskOnly,
2025-09-16,1020751.711499024,-0.009723447320789336,0.0015999999999999996,-0.011323447320789335,1.5999999999999996,20,RiskOnly,
2025-09-23,995557.0762096277,-0.023082432569617395,0.0016000000000000003,-0.024682432569617396,1.6000000000000003,20,RiskOnly,
2025-09-30,1036435.0311153341,0.04226038305843871,0.0012000000000000008,0.04106038305843871,1.2000000000000006,20,RiskOnly,
2025-10-08,1047335.535310601,0.01171730583009789,0.0012000000000000001,0.01051730583009789,1.2000000000000002,20,RiskOnly,
2025-10-15,1068167.3448414663,0.02149029191555818,0.0016,0.01989029191555818,1.6,20,RiskOnly,
2025-10-23,1067924.7106168845,0.0009728499885774955,0.0012000000000000008,-0.00022715001142250527,1.2000000000000006,20,RiskOnly,
2025-10-30,1032509.6477267762,-0.031562509058949306,0.0016,-0.033162509058949304,1.6,20,RiskOnly,
2025-11-07,1081828.0688091496,0.04873484851679821,0.0009692695791532096,0.047765578937645006,0.9692695791532095,20,RiskOnly,
2025-11-14,1089344.1094029737,0.008147537053736942,0.0012000000000000003,0.006947537053736941,1.2000000000000004,20,RiskOnly,
2025-11-21,1098018.24373229,0.008762712842014908,0.0007999999999999999,0.007962712842014908,0.7999999999999999,20,RiskOnly,
2025-11-28,1098560.4990709468,0.0016938491156701652,0.001200000000000001,0.0004938491156701642,1.2000000000000008,20,RiskOnly,
2025-12-05,1085033.6679810793,-0.01111323272710707,0.0012,-0.01231323272710707,1.2,20,RiskOnly,
2025-12-12,1082474.6769868827,-0.0015584438618925223,0.0008,-0.002358443861892522,0.8,20,RiskOnly,
2025-01-01,1007486.5531863046,0.008486553186304535,0.001,0.007486553186304535,1.0,10,XGB_EqualWeight,
2025-01-08,989145.0274199997,-0.017405231333656457,0.0007999999999999999,-0.018205231333656455,0.7999999999999999,10,XGB_EqualWeight,
2025-01-15,981342.9302144211,-0.006887718170033086,0.0009999999999999998,-0.007887718170033085,0.9999999999999999,10,XGB_EqualWeight,
2025-01-22,970834.1416958811,-0.009908579228510628,0.0007999999999999999,-0.010708579228510628,0.7999999999999999,10,XGB_EqualWeight,
2025-01-29,1008374.473199698,0.03926812042501959,0.0006,0.03866812042501959,0.6,10,XGB_EqualWeight,
2025-02-04,968508.0541104836,-0.03853533151500088,0.001,-0.03953533151500088,1.0,10,XGB_EqualWeight,
2025-02-11,964594.0727042007,-0.0028412481751405316,0.0012000000000000001,-0.004041248175140531,1.2000000000000002,10,XGB_EqualWeight,
2025-02-18,943666.8906304928,-0.020695325179678314,0.001,-0.021695325179678315,1.0,10,XGB_EqualWeight,
2025-02-25,942442.1056539536,-0.00029789970242666275,0.001,-0.0012978997024266628,1.0,10,XGB_EqualWeight,
2025-03-05,944875.807509641,0.0033823356586966113,0.0008,0.0025823356586966114,0.8,10,XGB_EqualWeight,
2025-03-12,961587.7052381609,0.018486872280671918,0.0007999999999999999,0.01768687228067192,0.7999999999999999,10,XGB_EqualWeight,
2025-03-21,973283.8522297954,0.012763369943189495,0.0006,0.012163369943189496,0.6,10,XGB_EqualWeight,
2025-03-28,921953.4974674647,-0.051939346948716714,0.0008,-0.052739346948716716,0.8,10,XGB_EqualWeight,
2025-04-07,970067.5430292786,0.05358706333234764,0.0014000000000000004,0.05218706333234764,1.4000000000000004,10,XGB_EqualWeight,
2025-04-16,1004510.10273774,0.036705321207743946,0.0012000000000000001,0.035505321207743946,1.2000000000000002,10,XGB_EqualWeight,
2025-04-24,1011002.6754218967,0.007463421986958041,0.001,0.006463421986958041,1.0,10,XGB_EqualWeight,
2025-05-02,999605.1695343509,-0.010273467582852525,0.0009999999999999998,-0.011273467582852524,0.9999999999999999,10,XGB_EqualWeight,
2025-05-09,1027452.7598753024,0.02905858976091924,0.0012000000000000001,0.02785858976091924,1.2000000000000002,10,XGB_EqualWeight,
2025-05-16,1016251.5878729442,-0.010101885166688973,0.0007999999999999999,-0.010901885166688973,0.7999999999999999,10,XGB_EqualWeight,
2025-05-23,1011084.7445595253,-0.004084216718650668,0.0009999999999999998,-0.005084216718650668,0.9999999999999999,10,XGB_EqualWeight,
2025-05-30,1017333.7522034358,0.006780498397918944,0.0006,0.006180498397918944,0.6,10,XGB_EqualWeight,
2025-06-06,1006676.9547413206,-0.009875222550154938,0.0006,-0.010475222550154938,0.6,10,XGB_EqualWeight,
2025-06-13,1025014.602997028,0.019216020709860837,0.0009999999999999998,0.018216020709860836,0.9999999999999999,10,XGB_EqualWeight,
2025-06-20,1040982.2303769329,0.016177951117200884,0.0006,0.015577951117200884,0.6,10,XGB_EqualWeight,
2025-06-27,1032406.1974820539,-0.0072384046957013615,0.0009999999999999998,-0.00823840469570136,0.9999999999999999,10,XGB_EqualWeight,
2025-07-04,1020681.237771865,-0.010356924957235836,0.001,-0.011356924957235837,1.0,10,XGB_EqualWeight,
2025-07-11,1002490.9469631856,-0.01702171566941757,0.0007999999999999999,-0.01782171566941757,0.7999999999999999,10,XGB_EqualWeight,
2025-07-18,984706.1844278737,-0.01694057171208041,0.0008,-0.01774057171208041,0.8,10,XGB_EqualWeight,
2025-07-25,982837.6275114629,-0.001297578126308263,0.0006000000000000001,-0.0018975781263082631,0.6000000000000001,10,XGB_EqualWeight,
2025-08-01,987040.4602559328,0.005076222874282221,0.0007999999999999999,0.004276222874282221,0.7999999999999999,10,XGB_EqualWeight,
2025-08-08,1011314.3007758192,0.025392548631281375,0.0008,0.024592548631281377,0.8,10,XGB_EqualWeight,
2025-08-18,1017685.6778556517,0.007300095899904324,0.0009999999999999998,0.006300095899904324,0.9999999999999999,10,XGB_EqualWeight,
2025-08-25,1001630.0356262669,-0.01517662197547609,0.0006,-0.01577662197547609,0.6,10,XGB_EqualWeight,
2025-09-02,1005432.6337161219,0.004396409806618262,0.0006,0.0037964098066182624,0.6,10,XGB_EqualWeight,
2025-09-09,1024605.3622302662,0.01986913289981551,0.0007999999999999999,0.019069132899815513,0.7999999999999999,10,XGB_EqualWeight,
2025-09-16,1027042.8398265849,0.0031789428458708358,0.0007999999999999999,0.002378942845870836,0.7999999999999999,10,XGB_EqualWeight,
2025-09-23,1001564.4602885317,-0.02360751391281324,0.0012000000000000001,-0.024807513912813238,1.2000000000000002,10,XGB_EqualWeight,
2025-09-30,1031094.6152357184,0.03008402835567825,0.0006,0.02948402835567825,0.6,10,XGB_EqualWeight,
2025-10-08,1042131.6779815082,0.011104219169320917,0.0004,0.010704219169320918,0.4,10,XGB_EqualWeight,
2025-10-15,1068794.0361564634,0.026184442674842323,0.0006,0.025584442674842323,0.6,10,XGB_EqualWeight,
2025-10-23,1070931.2845994518,0.0027996822312690295,0.0007999999999999999,0.0019996822312690296,0.7999999999999999,10,XGB_EqualWeight,
2025-10-30,1043523.4779991385,-0.02499249785159119,0.0006,-0.02559249785159119,0.6,10,XGB_EqualWeight,
2025-11-07,1078493.1053525263,0.034311107407414276,0.0007999999999999999,0.033511107407414274,0.7999999999999999,10,XGB_EqualWeight,
2025-11-14,1086827.612699149,0.008927918987389871,0.0012000000000000001,0.0077279189873898715,1.2000000000000002,10,XGB_EqualWeight,
2025-11-21,1096365.4715059116,0.009375870888185478,0.0006,0.008775870888185478,0.6,10,XGB_EqualWeight,
2025-11-28,1099525.099705648,0.00368191144454455,0.0007999999999999999,0.00288191144454455,0.7999999999999999,10,XGB_EqualWeight,
2025-12-05,1095503.5793537146,-0.002657506639011653,0.0009999999999999998,-0.003657506639011653,0.9999999999999999,10,XGB_EqualWeight,
2025-12-12,1083614.3441957044,-0.010052757929849943,0.0008,-0.010852757929849943,0.8,10,XGB_EqualWeight,
2025-01-01,1014945.5126197067,0.01594551261970656,0.001,0.014945512619706558,1.0,20,XGB_Risk,conservative
2025-01-08,992187.1294996399,-0.021153573042884122,0.0012696830207093559,-0.022423256063593477,1.269683020709356,20,XGB_Risk,conservative
2025-01-15,979716.7038497677,-0.011038305691879247,0.0015303169792906441,-0.01256862267116989,1.5303169792906441,20,XGB_Risk,conservative
2025-01-22,951622.9882804892,-0.027475346106568432,0.0012000000000000001,-0.028675346106568432,1.2000000000000002,20,XGB_Risk,conservative
2025-01-29,998530.5311612632,0.05049214978878602,0.0011999999999999997,0.04929214978878602,1.1999999999999997,20,XGB_Risk,conservative
2025-02-04,956122.0654664258,-0.04167087532267788,0.0008,-0.04247087532267788,0.8,20,XGB_Risk,conservative
2025-02-11,944486.4638809453,-0.010969577510800743,0.0012,-0.012169577510800743,1.2,20,XGB_Risk,conservative
2025-02-18,931582.9423562827,-0.012861944366721056,0.0007999999999999998,-0.013661944366721057,0.7999999999999998,20,XGB_Risk,conservative
2025-02-25,930776.9916103176,0.0003348588415255094,0.0012000000000000001,-0.0008651411584744907,1.2000000000000002,20,XGB_Risk,conservative
2025-03-05,938965.3314945531,0.009197316605419115,0.0003999999999999999,0.008797316605419115,0.3999999999999999,20,XGB_Risk,conservative
2025-03-12,956548.885215745,0.0195265207046611,0.0007999999999999994,0.0187265207046611,0.7999999999999994,20,XGB_Risk,conservative
2025-03-21,970521.6356806024,0.0158074609262715,0.0011999999999999992,0.0146074609262715,1.1999999999999993,20,XGB_Risk,conservative
2025-03-28,935411.252682613,-0.0353768163708863,0.0008000000000000007,-0.0361768163708863,0.8000000000000007,20,XGB_Risk,conservative
2025-04-07,981996.3959977764,0.05140177775450594,0.0016,0.04980177775450594,1.6,20,XGB_Risk,conservative
2025-04-16,1016758.6304115847,0.03659955396525416,0.0012,0.03539955396525416,1.2,20,XGB_Risk,conservative
2025-04-24,1018974.5868142031,0.0037794321054558377,0.0016,0.002179432105455838,1.6,20,XGB_Risk,conservative
2025-05-02,1019462.761066518,0.001279083834505812,0.0008000000000000006,0.0004790838345058114,0.8000000000000006,20,XGB_Risk,conservative
2025-05-09,1040210.1555155235,0.022084398200572064,0.0017330962782729114,0.020351301922299152,1.7330962782729114,20,XGB_Risk,conservative
2025-05-16,1027679.347926223,-0.010846419199868618,0.0012000000000000003,-0.012046419199868617,1.2000000000000004,20,XGB_Risk,conservative
2025-05-23,1026040.0700789918,-0.0007951258050860055,0.0008000000000000007,-0.0015951258050860063,0.8000000000000007,20,XGB_Risk,conservative
2025-05-30,1028241.9800702793,0.0025460272902577685,0.0003999999999999999,0.0021460272902577688,0.3999999999999999,20,XGB_Risk,conservative
2025-06-06,1019918.2148329116,-0.0076951423873967695,0.0003999999999999999,-0.008095142387396769,0.3999999999999999,20,XGB_Risk,conservative
2025-06-13,1039774.7296457152,0.020668732417977953,0.0012,0.019468732417977953,1.2,20,XGB_Risk,conservative
2025-06-20,1063117.763824839,0.023650087998462466,0.0012000000000000001,0.022450087998462466,1.2000000000000002,20,XGB_Risk,conservative
2025-06-27,1053767.4864410497,-0.007595147350514808,0.0012,-0.008795147350514808,1.2,20,XGB_Risk,conservative
2025-07-04,1059479.159031467,0.006220239914316972,0.0008,0.005420239914316971,0.8,20,XGB_Risk,conservative
2025-07-11,1056593.9475775985,-0.0010267494505982189,0.001696486234855071,-0.0027232356854532897,1.696486234855071,20,XGB_Risk,conservative
2025-07-18,1031649.5941220326,-0.022408268353944827,0.001200000000000001,-0.023608268353944827,1.2000000000000008,20,XGB_Risk,conservative
2025-07-25,1004675.2415826366,-0.024946816412361517,0.0012,-0.026146816412361516,1.2,20,XGB_Risk,conservative
2025-08-01,1006587.4506535019,0.002703310633845213,0.0008000000000000007,0.001903310633845212,0.8000000000000007,20,XGB_Risk,conservative
2025-08-08,1039261.5727896225,0.0332602915672231,0.0008,0.0324602915672231,0.8,20,XGB_Risk,conservative
2025-08-18,1046538.7360285035,0.0078022441216096805,0.0008,0.00700224412160968,0.8,20,XGB_Risk,conservative
2025-08-25,1030484.7252706012,-0.014160580288584024,0.0011795215205715457,-0.015340101809155569,1.1795215205715457,20,XGB_Risk,conservative
2025-09-02,1019638.1015497963,-0.009725749149708807,0.0008000000000000001,-0.010525749149708807,0.8000000000000002,20,XGB_Risk,conservative
2025-09-09,1029681.1947889794,0.010249664526970959,0.0004,0.00984966452697096,0.4,20,XGB_Risk,conservative
2025-09-16,1018021.6540225788,-0.009723447320789336,0.0015999999999999999,-0.011323447320789336,1.5999999999999999,20,XGB_Risk,conservative
2025-09-23,992894.4031927561,-0.023082432569617395,0.0015999999999999999,-0.024682432569617396,1.5999999999999999,20,XGB_Risk,conservative
2025-09-30,1033663.0277244307,0.04226038305843893,0.0012,0.04106038305843893,1.2,20,XGB_Risk,conservative
2025-10-08,1044534.3779122732,0.011717305830097668,0.0012000000000000001,0.010517305830097669,1.2000000000000002,20,XGB_Risk,conservative
2025-10-15,1065310.4716047843,0.02149029191555818,0.0016000000000000012,0.01989029191555818,1.6000000000000012,20,XGB_Risk,conservative
2025-10-23,1065068.4863189908,0.0009728499885774955,0.0012000000000000001,-0.00022715001142250462,1.2000000000000002,20,XGB_Risk,conservative
2025-10-30,1029748.1429930358,-0.031562509058949306,0.0015999999999999996,-0.033162509058949304,1.5999999999999996,20,XGB_Risk,conservative
2025-11-07,1077995.57877932,0.0480197339002586,0.0011661065209952084,0.04685362737926339,1.1661065209952084,20,XGB_Risk,conservative
2025-11-14,1085484.9930066539,0.008147537053736942,0.0012000000000000001,0.006947537053736942,1.2000000000000002,20,XGB_Risk,conservative
2025-11-21,1094128.3983002824,0.008762712842014908,0.0008,0.007962712842014908,0.8,20,XGB_Risk,conservative
2025-11-28,1094668.7326422126,0.0016938491156701652,0.0012000000000000001,0.000493849115670165,1.2000000000000002,20,XGB_Risk,conservative
2025-12-05,1081189.8217781018,-0.01111323272710707,0.0012000000000000001,-0.01231323272710707,1.2000000000000002,20,XGB_Risk,conservative
2025-12-12,1078639.8962793886,-0.0015584438618925223,0.0008000000000000004,-0.0023584438618925226,0.8000000000000004,20,XGB_Risk,conservative
2025-01-01,1014945.5126197067,0.01594551261970656,0.001,0.014945512619706558,1.0,20,XGB_Risk,moderate
2025-01-08,994112.2811218863,-0.01932645313347614,0.0012,-0.02052645313347614,1.2,20,XGB_Risk,moderate
2025-01-15,981548.3862210165,-0.011038305691879247,0.0015999999999999999,-0.012638305691879247,1.5999999999999999,20,XGB_Risk,moderate
2025-01-22,953402.1465257852,-0.027475346106568432,0.0012000000000000008,-0.028675346106568432,1.2000000000000006,20,XGB_Risk,moderate
2025-01-29,1000397.3879412842,0.05049214978878602,0.0012,0.04929214978878602,1.2,20,XGB_Risk,moderate
2025-02-04,957909.6352048973,-0.04167087532267788,0.0008000000000000001,-0.04247087532267788,0.8000000000000002,20,XGB_Risk,moderate
2025-02-11,946252.2796509285,-0.010969577510800743,0.0012000000000000001,-0.012169577510800743,1.2000000000000002,20,XGB_Risk,moderate
2025-02-18,933324.6336494547,-0.012861944366720834,0.0008000000000000001,-0.013661944366720835,0.8000000000000002,20,XGB_Risk,moderate
2025-02-25,932517.1760946665,0.0003348588415255094,0.0012,-0.0008651411584744905,1.2,20,XGB_Risk,moderate
2025-03-05,940720.8249327627,0.009197316605419115,0.0003999999999999999,0.008797316605419115,0.3999999999999999,20,XGB_Risk,moderate
2025-03-12,958337.252938172,0.0195265207046611,0.0007999999999999999,0.0187265207046611,0.7999999999999999,20,XGB_Risk,moderate
2025-03-21,972336.1269146566,0.0158074609262715,0.0012,0.0146074609262715,1.2,20,XGB_Risk,moderate
2025-03-28,937160.1014004863,-0.0353768163708863,0.0008000000000000009,-0.0361768163708863,0.8000000000000008,20,XGB_Risk,moderate
2025-04-07,983832.3404908235,0.05140177775450594,0.0015999999999999999,0.04980177775450594,1.5999999999999999,20,XGB_Risk,moderate
2025-04-16,1019004.5728627585,0.036950229916601574,0.0012000000000000008,0.035750229916601574,1.2000000000000006,20,XGB_Risk,moderate
2025-04-24,1021225.4241444619,0.0037794321054558377,0.0016000000000000007,0.002179432105455837,1.6000000000000005,20,XGB_Risk,moderate
2025-05-02,1021714.6767365559,0.001279083834505812,0.0008000000000000004,0.0004790838345058116,0.8000000000000003,20,XGB_Risk,moderate
2025-05-09,1041699.72851766,0.021160306058182643,0.0015999999999999999,0.019560306058182642,1.5999999999999999,20,XGB_Risk,moderate
2025-05-16,1029150.976907547,-0.010846419199868618,0.0012000000000000001,-0.012046419199868617,1.2000000000000002,20,XGB_Risk,moderate
2025-05-23,1027509.3516269523,-0.0007951258050860055,0.0008,-0.0015951258050860054,0.8,20,XGB_Risk,moderate
2025-05-30,1029714.4147365389,0.0025460272902577685,0.0004,0.0021460272902577683,0.4,20,XGB_Risk,moderate
2025-06-06,1021378.7299308918,-0.0076951423873967695,0.0004,-0.008095142387396769,0.4,20,XGB_Risk,moderate
2025-06-13,1041263.6791213304,0.020668732417977953,0.0012,0.019468732417977953,1.2,20,XGB_Risk,moderate
2025-06-20,1065591.696199835,0.02456393515524713,0.0012000000000000008,0.02336393515524713,1.2000000000000006,20,XGB_Risk,moderate
2025-06-27,1056219.6602162726,-0.007595147350514808,0.0012000000000000003,-0.008795147350514808,1.2000000000000004,20,XGB_Risk,moderate
2025-07-04,1061944.624176863,0.006220239914316972,0.0008,0.005420239914316971,0.8,20,XGB_Risk,moderate
2025-07-11,1059427.7337412809,-0.0007466940111171549,0.0016233829008811338,-0.002370076911998289,1.6233829008811338,20,XGB_Risk,moderate
2025-07-18,1034416.4795015051,-0.022408268353944827,0.0012000000000000001,-0.023608268353944827,1.2000000000000002,20,XGB_Risk,moderate
2025-07-25,1007369.781718058,-0.024946816412361517,0.0012000000000000001,-0.026146816412361516,1.2000000000000002,20,XGB_Risk,moderate
2025-08-01,1009287.1193358165,0.002703310633845213,0.0007999999999999999,0.001903310633845213,0.7999999999999999,20,XGB_Risk,moderate
2025-08-08,1042048.8735044999,0.0332602915672231,0.0007999999999999996,0.0324602915672231,0.7999999999999996,20,XGB_Risk,moderate
2025-08-18,1049345.5541034269,0.0078022441216096805,0.0008000000000000004,0.00700224412160968,0.8000000000000003,20,XGB_Risk,moderate
2025-08-25,1033248.2053178783,-0.01416110898085532,0.001179260759694381,-0.015340369740549701,1.179260759694381,20,XGB_Risk,moderate
2025-09-02,1022372.4938993155,-0.009725749149708807,0.0008,-0.010525749149708807,0.8,20,XGB_Risk,moderate
2025-09-09,1032442.5199858265,0.010249664526970959,0.00039999999999999964,0.00984966452697096,0.39999999999999963,20,XGB_Risk,moderate
2025-09-16,1020751.711499024,-0.009723447320789336,0.0015999999999999996,-0.011323447320789335,1.5999999999999996,20,XGB_Risk,moderate
2025-09-23,995557.0762096277,-0.023082432569617395,0.0016000000000000003,-0.024682432569617396,1.6000000000000003,20,XGB_Risk,moderate
2025-09-30,1036435.0311153341,0.04226038305843871,0.0012000000000000008,0.04106038305843871,1.2000000000000006,20,XGB_Risk,moderate
2025-10-08,1047335.535310601,0.01171730583009789,0.0012000000000000001,0.01051730583009789,1.2000000000000002,20,XGB_Risk,moderate
2025-10-15,1068167.3448414663,0.02149029191555818,0.0016,0.01989029191555818,1.6,20,XGB_Risk,moderate
2025-10-23,1067924.7106168845,0.0009728499885774955,0.0012000000000000008,-0.00022715001142250527,1.2000000000000006,20,XGB_Risk,moderate
2025-10-30,1032509.6477267762,-0.031562509058949306,0.0016,-0.033162509058949304,1.6,20,XGB_Risk,moderate
2025-11-07,1081828.0688091496,0.04873484851679821,0.0009692695791532096,0.047765578937645006,0.9692695791532095,20,XGB_Risk,moderate
2025-11-14,1089344.1094029737,0.008147537053736942,0.0012000000000000003,0.006947537053736941,1.2000000000000004,20,XGB_Risk,moderate
2025-11-21,1098018.24373229,0.008762712842014908,0.0007999999999999999,0.007962712842014908,0.7999999999999999,20,XGB_Risk,moderate
2025-11-28,1098560.4990709468,0.0016938491156701652,0.001200000000000001,0.0004938491156701642,1.2000000000000008,20,XGB_Risk,moderate
2025-12-05,1085033.6679810793,-0.01111323272710707,0.0012,-0.01231323272710707,1.2,20,XGB_Risk,moderate
2025-12-12,1082474.6769868827,-0.0015584438618925223,0.0008,-0.002358443861892522,0.8,20,XGB_Risk,moderate
2025-01-01,1014945.5126197067,0.01594551261970656,0.001,0.014945512619706558,1.0,20,XGB_Risk,aggressive
2025-01-08,994112.2811218863,-0.01932645313347614,0.0012,-0.02052645313347614,1.2,20,XGB_Risk,aggressive
2025-01-15,981548.3862210165,-0.011038305691879247,0.0016,-0.012638305691879247,1.6,20,XGB_Risk,aggressive
2025-01-22,953402.1465257852,-0.027475346106568432,0.0012,-0.028675346106568432,1.2,20,XGB_Risk,aggressive
2025-01-29,1000397.3879412842,0.05049214978878602,0.0012000000000000001,0.04929214978878602,1.2000000000000002,20,XGB_Risk,aggressive
2025-02-04,957909.6352048973,-0.04167087532267788,0.0008,-0.04247087532267788,0.8,20,XGB_Risk,aggressive
2025-02-11,946252.2796509285,-0.010969577510800743,0.0012,-0.012169577510800743,1.2,20,XGB_Risk,aggressive
2025-02-18,933324.6336494547,-0.012861944366720834,0.0008000000000000001,-0.013661944366720835,0.8000000000000002,20,XGB_Risk,aggressive
2025-02-25,932517.1760946665,0.0003348588415255094,0.0012,-0.0008651411584744905,1.2,20,XGB_Risk,aggressive
2025-03-05,940720.8249327627,0.009197316605419115,0.0004,0.008797316605419115,0.4,20,XGB_Risk,aggressive
2025-03-12,958337.252938172,0.0195265207046611,0.0008,0.0187265207046611,0.8,20,XGB_Risk,aggressive
2025-03-21,972336.1269146566,0.0158074609262715,0.0012,0.0146074609262715,1.2,20,XGB_Risk,aggressive
2025-03-28,937160.1014004863,-0.0353768163708863,0.0008,-0.0361768163708863,0.8,20,XGB_Risk,aggressive
2025-04-07,983832.3404908235,0.05140177775450594,0.0015999999999999996,0.04980177775450594,1.5999999999999996,20,XGB_Risk,aggressive
2025-04-16,1020816.1357293872,0.03879156282676477,0.0012,0.03759156282676477,1.2,20,XGB_Risk,aggressive
2025-04-24,1023040.9351893631,0.0037794321054558377,0.0016,0.002179432105455838,1.6,20,XGB_Risk,aggressive
2025-05-02,1023531.0575634503,0.001279083834506034,0.0008,0.000479083834506034,0.8,20,XGB_Risk,aggressive
2025-05-09,1043551.6383094467,0.021160306058182643,0.0015999999999999999,0.019560306058182642,1.5999999999999999,20,XGB_Risk,aggressive
2025-05-16,1030980.5778176615,-0.010846419199868618,0.0012000000000000001,-0.012046419199868617,1.2000000000000002,20,XGB_Risk,aggressive
2025-05-23,1029336.034093442,-0.0007951258050860055,0.0008,-0.0015951258050860054,0.8,20,XGB_Risk,aggressive
2025-05-30,1031545.0173134523,0.0025460272902577685,0.00040000000000000045,0.002146027290257768,0.4000000000000004,20,XGB_Risk,aggressive
2025-06-06,1023194.5135192903,-0.0076951423873967695,0.0004,-0.008095142387396769,0.4,20,XGB_Risk,aggressive
2025-06-13,1043114.8137145403,0.020668732417977953,0.0012,0.019468732417977953,1.2,20,XGB_Risk,aggressive
2025-06-20,1068575.4031343756,0.025608233000900427,0.0012,0.024408233000900427,1.2,20,XGB_Risk,aggressive
2025-06-27,1059177.125008673,-0.007595147350514808,0.0011999999999999997,-0.008795147350514808,1.1999999999999997,20,XGB_Risk,aggressive
2025-07-04,1064918.1191379766,0.006220239914316972,0.0008000000000000004,0.005420239914316971,0.8000000000000004,20,XGB_Risk,aggressive
2025-07-11,1062514.4484759269,-0.0006571412945769461,0.0015999999999999999,-0.002257141294576946,1.5999999999999999,20,XGB_Risk,aggressive
2025-07-18,1037430.3222463635,-0.022408268353944827,0.001200000000000001,-0.023608268353944827,1.2000000000000008,20,XGB_Risk,aggressive
2025-07-25,1010304.8220699708,-0.024946816412361517,0.0012,-0.026146816412361516,1.2,20,XGB_Risk,aggressive
2025-08-01,1012227.7459812417,0.002703310633845213,0.0008,0.001903310633845213,0.8,20,XGB_Risk,aggressive
2025-08-08,1045084.9537482259,0.0332602915672231,0.0008,0.0324602915672231,0.8,20,XGB_Risk,aggressive
2025-08-18,1052402.8937221922,0.0078022441216096805,0.0008,0.00700224412160968,0.8,20,XGB_Risk,aggressive
2025-08-25,1036257.2276681561,-0.01416376487133808,0.001177950882531755,-0.015341715753869835,1.1779508825317548,20,XGB_Risk,aggressive
2025-09-02,1025349.8440351484,-0.009725749149708807,0.0008000000000000006,-0.010525749149708807,0.8000000000000006,20,XGB_Risk,aggressive
2025-09-09,1035449.1960216766,0.010249664526970959,0.0003999999999999997,0.00984966452697096,0.3999999999999997,20,XGB_Risk,aggressive
2025-09-16,1023724.3415971715,-0.009723447320789336,0.0015999999999999996,-0.011323447320789335,1.5999999999999996,20,XGB_Risk,aggressive
2025-09-23,998456.3345658233,-0.023082432569617395,0.0016,-0.024682432569617396,1.6,20,XGB_Risk,aggressive
2025-09-30,1039453.3341302208,0.04226038305843893,0.0012000000000000008,0.04106038305843893,1.2000000000000006,20,XGB_Risk,aggressive
2025-10-08,1050385.582741383,0.011717305830097668,0.0012000000000000001,0.010517305830097669,1.2000000000000002,20,XGB_Risk,aggressive
2025-10-15,1071278.0586060027,0.02149029191555818,0.0016000000000000003,0.01989029191555818,1.6000000000000003,20,XGB_Risk,aggressive
2025-10-23,1071034.7177827538,0.0009728499885774955,0.0012,-0.0002271500114225044,1.2,20,XGB_Risk,aggressive
2025-10-30,1035516.5192518339,-0.031562509058949306,0.0015999999999999996,-0.033162509058949304,1.5999999999999996,20,XGB_Risk,aggressive
2025-11-07,1085789.5158623452,0.04934871523134543,0.0008000000000000006,0.04854871523134543,0.8000000000000005,20,XGB_Risk,aggressive
2025-11-14,1093333.0787563578,0.008147537053736942,0.0012,0.006947537053736942,1.2,20,XGB_Risk,aggressive
2025-11-21,1102038.9761031708,0.008762712842014908,0.0007999999999999999,0.007962712842014908,0.7999999999999999,20,XGB_Risk,aggressive
2025-11-28,1102583.217076953,0.0016938491156699431,0.0012000000000000008,0.0004938491156699424,1.2000000000000006,20,XGB_Risk,aggressive
2025-12-05,1089006.8533240822,-0.01111323272710707,0.0011999999999999997,-0.01231323272710707,1.1999999999999997,20,XGB_Risk,aggressive
2025-12-12,1086438.4917953012,-0.0015584438618925223,0.0008,-0.002358443861892522,0.8,20,XGB_Risk,aggressive
2025-01-01,1014945.5126197067,0.01594551261970656,0.001,0.014945512619706558,1.0,20,XGB_TurnoverAware,conservative
2025-01-08,998532.7112266241,-0.01617111577814556,0.0,-0.01617111577814556,0.0,20,XGB_TurnoverAware,conservative
2025-01-15,995825.7047560022,-0.002310984267402283,0.0004000000000000002,-0.002710984267402283,0.40000000000000013,20,XGB_TurnoverAware,conservative
2025-01-22,982591.6937216148,-0.012889485269543255,0.0004,-0.013289485269543254,0.4,20,XGB_TurnoverAware,conservative
2025-01-29,995960.8446803933,0.013606008522362156,8.326672684688674e-20,0.013606008522362156,8.326672684688674e-17,20,XGB_TurnoverAware,conservative
2025-02-04,952641.9568500486,-0.042761780852133,0.0007327882985708334,-0.043494569150703835,0.7327882985708334,20,XGB_TurnoverAware,conservative
2025-02-11,938552.2109602988,-0.013990179866041341,0.0007999999999999998,-0.014790179866041342,0.7999999999999998,20,XGB_TurnoverAware,conservative
2025-02-18,917431.2781377182,-0.022281510668938243,0.00022222708366934025,-0.022503737752607583,0.22222708366934027,20,XGB_TurnoverAware,conservative
2025-02-25,914163.867882748,-0.0033392487640048207,0.00022222808208949459,-0.0035614768460943153,0.22222808208949457,20,XGB_TurnoverAware,conservative
2025-03-05,918181.0514703111,0.004972152103672078,0.0005777719179105058,0.004394380185761573,0.5777719179105058,20,XGB_TurnoverAware,conservative
2025-03-12,937531.1543728028,0.021474387095557823,0.0004000000000000008,0.021074387095557822,0.4000000000000008,20,XGB_TurnoverAware,conservative
2025-03-21,941403.1852528407,0.004130029112897171,8.72181792824787e-11,0.004130029025678992,8.72181792824787e-08,20,XGB_TurnoverAware,conservative
2025-03-28,889961.9024522433,-0.054643200284882565,1.6469886219401794e-16,-0.05464320028488273,1.6469886219401794e-13,20,XGB_TurnoverAware,conservative
2025-04-07,919870.6029115067,0.033690743546183066,8.402355417951377e-05,0.033606719992003556,0.08402355417951377,20,XGB_TurnoverAware,conservative
2025-04-16,950150.4084655957,0.032917462117204144,1.8478696170590207e-10,0.03291746193241718,1.8478696170590205e-07,20,XGB_TurnoverAware,conservative
2025-04-24,955694.4496724025,0.0062349090424966835,0.00040000000345320633,0.005834909039043477,0.40000000345320635,20,XGB_TurnoverAware,conservative
2025-05-02,945758.6238290105,-0.010396446109717017,1.8034498875570354e-14,-0.010396446109735051,1.8034498875570355e-11,20,XGB_TurnoverAware,conservative
2025-05-09,976148.8695075099,0.032133194361476436,4.3083086383459793e-14,0.03213319436143335,4.308308638345979e-11,20,XGB_TurnoverAware,conservative
2025-05-16,960103.1890535204,-0.016037645377367626,0.00040009373724595127,-0.01643773911461358,0.40009373724595126,20,XGB_TurnoverAware,conservative
2025-05-23,956476.1803755831,-0.0037777247360073485,3.2408289980983047e-09,-0.0037777279768363464,3.2408289980983044e-06,20,XGB_TurnoverAware,conservative
2025-05-30,956168.096032385,-0.0003220994606517591,4.057992150402777e-09,-0.0003221035186439095,4.057992150402777e-06,20,XGB_TurnoverAware,conservative
2025-06-06,958893.3327638184,0.0031663464284483744,0.0003161815434854079,0.0028501648849629667,0.3161815434854079,20,XGB_TurnoverAware,conservative
2025-06-13,975843.5844572376,0.018214549906270028,0.0005376601894927417,0.017676889716777285,0.5376601894927417,20,XGB_TurnoverAware,conservative
2025-06-20,994484.1384656643,0.019101989608808045,1.7394428175494743e-12,0.019101989607068603,1.7394428175494742e-09,20,XGB_TurnoverAware,conservative
2025-06-27,990379.3681183896,-0.0038878543047982106,0.0002396829665430611,-0.004127537271341272,0.2396829665430611,20,XGB_TurnoverAware,conservative
2025-07-04,949485.3514909588,-0.040890577868496925,0.0004006868163934008,-0.041291264684890326,0.40068681639340076,20,XGB_TurnoverAware,conservative
2025-07-11,941885.9652889465,-0.00758183520315725,0.0004218545747620815,-0.008003689777919331,0.4218545747620815,20,XGB_TurnoverAware,conservative
2025-07-18,923532.2046657056,-0.019085494410561066,0.0004006868254131416,-0.019486181235974207,0.40068682541314166,20,XGB_TurnoverAware,conservative
2025-07-25,910886.9273150923,-0.013692296795696723,3.291128333137668e-10,-0.013692297124809556,3.291128333137668e-07,20,XGB_TurnoverAware,conservative
2025-08-01,919079.9373289102,0.009393874776143951,0.00039933355688698925,0.008994541219256962,0.39933355688698924,20,XGB_TurnoverAware,conservative
2025-08-08,951569.2159959389,0.0357497855273079,0.0004000000000000173,0.03534978552730788,0.40000000000001734,20,XGB_TurnoverAware,conservative
2025-08-18,964974.7922613666,0.014087866304771213,3.813972731857982e-09,0.014087862490798481,3.8139727318579822e-06,20,XGB_TurnoverAware,conservative
2025-08-25,954119.6964168453,-0.010820493267190368,0.00042860456580371434,-0.011249097832994081,0.42860456580371437,20,XGB_TurnoverAware,conservative
2025-09-02,945718.4842475259,-0.008805197293839329,4.5171803570277533e-13,-0.008805197294291047,4.5171803570277534e-10,20,XGB_TurnoverAware,conservative
2025-09-09,964120.4308231474,0.01945816528277522,1.9481869258064008e-12,0.01945816528082703,1.948186925806401e-09,20,XGB_TurnoverAware,conservative
2025-09-16,948320.1913802141,-0.01638824126134586,1.2629241384721772e-09,-0.016388242524269996,1.2629241384721772e-06,20,XGB_TurnoverAware,conservative
2025-09-23,917125.4591739292,-0.03289472002537952,5.289793880742256e-09,-0.0328947253151734,5.289793880742256e-06,20,XGB_TurnoverAware,conservative
2025-09-30,959380.4627891575,0.04648664724140095,0.0004133393939793233,0.04607330784742163,0.41333939397932334,20,XGB_TurnoverAware,conservative
2025-10-08,972159.7551960256,0.01372035913926184,0.00039999990480814773,0.013320359234453691,0.39999990480814773,20,XGB_TurnoverAware,conservative
2025-10-15,1002264.0548967952,0.030966412205962524,8.926682313700988e-12,0.03096641219703584,8.926682313700987e-09,20,XGB_TurnoverAware,conservative
2025-10-23,998036.8747099619,-0.003432037125778775,0.0007855941123968053,-0.00421763123817558,0.7855941123968053,20,XGB_TurnoverAware,conservative
2025-10-30,973270.4719875371,-0.024815093687771794,2.4220193391285735e-08,-0.024815117907965187,2.4220193391285735e-05,20,XGB_TurnoverAware,conservative
2025-11-07,1000649.307223265,0.02853121861710961,0.0004004615215851806,0.02813075709552443,0.4004615215851806,20,XGB_TurnoverAware,conservative
2025-11-14,1011727.5153030916,0.011471020003034571,0.00040000041619469196,0.011071019586839878,0.40000041619469195,20,XGB_TurnoverAware,conservative
2025-11-21,1009312.3768135305,-0.002342055084899486,4.508814589189012e-05,-0.002387143230791376,0.04508814589189012,20,XGB_TurnoverAware,conservative
2025-11-28,1024297.8699978174,0.014847231014117002,8.319239402940689e-10,0.014847230182193062,8.319239402940689e-07,20,XGB_TurnoverAware,conservative
2025-12-05,1014664.2122945612,-0.008526032281853002,0.0008791007223548252,-0.009405133004207828,0.8791007223548253,20,XGB_TurnoverAware,conservative
2025-12-12,1008351.8424644454,-0.006221141627916316,5.977666490414579e-11,-0.00622114168769298,5.977666490414579e-08,20,XGB_TurnoverAware,conservative
2025-01-01,1014945.5126197067,0.01594551261970656,0.001,0.014945512619706558,1.0,20,XGB_TurnoverAware,moderate
2025-01-08,998532.7112266241,-0.01617111577814556,2.220446049250313e-19,-0.01617111577814556,2.220446049250313e-16,20,XGB_TurnoverAware,moderate
2025-01-15,995825.7047560022,-0.002310984267402283,0.00040000000000000034,-0.002710984267402283,0.40000000000000036,20,XGB_TurnoverAware,moderate
2025-01-22,982591.6937216148,-0.012889485269543255,0.00040000000000000175,-0.013289485269543256,0.4000000000000018,20,XGB_TurnoverAware,moderate
2025-01-29,995960.8446803933,0.013606008522362156,2.498001805406602e-19,0.013606008522362156,2.498001805406602e-16,20,XGB_TurnoverAware,moderate
2025-02-04,953218.0340219031,-0.0421454110491587,0.0007707446278313242,-0.042916155676990024,0.7707446278313241,20,XGB_TurnoverAware,moderate
2025-02-11,939119.7678471648,-0.013990179866041341,0.0008,-0.014790179866041342,0.8,20,XGB_TurnoverAware,moderate
2025-02-18,919331.2682094101,-0.02092019589595706,0.00015113101596369295,-0.021071326911920756,0.15113101596369294,20,XGB_TurnoverAware,moderate
2025-02-25,915590.2636331576,-0.003918135174330928,0.00015113202631479044,-0.0040692672006457185,0.15113202631479045,20,XGB_TurnoverAware,moderate
2025-03-05,919548.6204894934,0.004972152103672078,0.0006488679736852097,0.004323284129986869,0.6488679736852098,20,XGB_TurnoverAware,moderate
2025-03-12,939293.5973730576,0.02187246642929397,0.0003999999999999999,0.021472466429293968,0.3999999999999999,20,XGB_TurnoverAware,moderate
2025-03-21,942625.6525348821,0.00354740546254817,8.137309492865281e-11,0.003547405381175075,8.137309492865281e-08,20,XGB_TurnoverAware,moderate
2025-03-28,891042.9578024067,-0.0547223540901528,1.7036763149425885e-16,-0.054722354090152976,1.7036763149425886e-13,20,XGB_TurnoverAware,moderate
2025-04-07,920374.8993092134,0.03298041200366342,6.175050708598923e-05,0.03291866149657743,0.061750507085989226,20,XGB_TurnoverAware,moderate
2025-04-16,951208.1043108407,0.03350070196945132,2.1762256878661209e-10,0.03350070175182875,2.1762256878661209e-07,20,XGB_TurnoverAware,moderate
2025-04-24,956861.8730616656,0.006343776896809095,0.00040000000382191513,0.0059437768929871794,0.40000000382191514,20,XGB_TurnoverAware,moderate
2025-05-02,946446.1749317364,-0.01088526821179614,1.1725935645655111e-14,-0.010885268211807866,1.172593564565511e-11,20,XGB_TurnoverAware,moderate
2025-05-09,977016.5023956111,0.032300122578170054,6.402226717462971e-14,0.03230012257810603,6.402226717462972e-11,20,XGB_TurnoverAware,moderate
2025-05-16,959056.6120341033,-0.017982381576131412,0.0004000002131943755,-0.01838238178932579,0.4000002131943755,20,XGB_TurnoverAware,moderate
2025-05-23,951159.6320135111,-0.008234111635987973,8.465307149467952e-10,-0.008234112482518688,8.465307149467951e-07,20,XGB_TurnoverAware,moderate
2025-05-30,950728.1982069933,-0.00045358247186610967,4.6989902958454265e-09,-0.0004535871708564055,4.698990295845426e-06,20,XGB_TurnoverAware,moderate
2025-06-06,955182.765667665,0.0050238086395124615,0.00033838175402327585,0.004685426885489186,0.33838175402327586,20,XGB_TurnoverAware,moderate
2025-06-13,970562.3727967828,0.01656294781481371,0.00046172856975385283,0.016101219245059858,0.46172856975385285,20,XGB_TurnoverAware,moderate
2025-06-20,987435.7088734158,0.01738511254078645,2.3612354158346566e-12,0.017385112538425215,2.3612354158346566e-09,20,XGB_TurnoverAware,moderate
2025-06-27,983430.1590682212,-0.0038811879399196503,0.00017532912665939692,-0.004056517066579047,0.17532912665939693,20,XGB_TurnoverAware,moderate
2025-07-04,947816.3483189697,-0.03581386879470405,0.00040000000000000257,-0.036213868794704056,0.4000000000000026,20,XGB_TurnoverAware,moderate
2025-07-11,940097.3751205775,-0.0075826694731052635,0.0005612850093031264,-0.00814395448240839,0.5612850093031264,20,XGB_TurnoverAware,moderate
2025-07-18,921784.8218171895,-0.019079421800363372,0.0003999999999999995,-0.019479421800363373,0.39999999999999947,20,XGB_TurnoverAware,moderate
2025-07-25,909146.8731965625,-0.013710302298325261,6.455447742074407e-11,-0.013710302362879739,6.455447742074408e-08,20,XGB_TurnoverAware,moderate
2025-08-01,917351.0575260264,0.009424047247312606,0.0004000000099086269,0.009024047237403979,0.4000000099086269,20,XGB_TurnoverAware,moderate
2025-08-08,949771.0047017544,0.03574082939811851,0.0004000000506706555,0.03534082934744786,0.40000005067065547,20,XGB_TurnoverAware,moderate
2025-08-18,963140.5854726614,0.014076640022755882,3.9655145609091405e-09,0.014076636057241321,3.965514560909141e-06,20,XGB_TurnoverAware,moderate
2025-08-25,952306.4868355,-0.010820499181155796,0.0004282206844332606,-0.011248719865589056,0.4282206844332606,20,XGB_TurnoverAware,moderate
2025-09-02,943921.337581401,-0.008805095176385613,4.4424113966048765e-13,-0.008805095176829855,4.4424113966048767e-10,20,XGB_TurnoverAware,moderate
2025-09-09,962288.4386571386,0.01945829630932172,3.827258823187231e-12,0.019458296305494463,3.827258823187231e-09,20,XGB_TurnoverAware,moderate
2025-09-16,946518.3096210496,-0.0163881507295649,1.0995229224000705e-09,-0.016388151829087823,1.0995229224000703e-06,20,XGB_TurnoverAware,moderate
2025-09-23,915382.8524765186,-0.03289471437222069,8.13663018689715e-09,-0.03289472250885088,8.136630186897149e-06,20,XGB_TurnoverAware,moderate
2025-09-30,957771.3427279043,0.04671864497234868,0.0004118017354387056,0.04630684323690997,0.4118017354387056,20,XGB_TurnoverAware,moderate
2025-10-08,970126.741724674,0.013300155856150075,0.00040000062538358397,0.012900155230766491,0.40000062538358394,20,XGB_TurnoverAware,moderate
2025-10-15,1000211.9644809181,0.031011641540957147,7.646622836511059e-12,0.031011641533310524,7.646622836511059e-09,20,XGB_TurnoverAware,moderate
2025-10-23,997743.4103075514,-0.0017173843845987857,0.0007506466538500847,-0.0024680310384488707,0.7506466538500847,20,XGB_TurnoverAware,moderate
2025-10-30,972449.1171723634,-0.025351470128828324,3.094236495777164e-08,-0.025351501071193282,3.094236495777165e-05,20,XGB_TurnoverAware,moderate
2025-11-07,1003178.0390615924,0.031999523684454356,0.00040000721969484464,0.03159951646475951,0.40000721969484465,20,XGB_TurnoverAware,moderate
2025-11-14,1014740.677136784,0.011926008684040035,0.000400000712406491,0.011526007971633544,0.40000071240649104,20,XGB_TurnoverAware,moderate
2025-11-21,1010823.7692572712,-0.003810149198807733,4.985953816807623e-05,-0.003860008736975809,0.04985953816807623,20,XGB_TurnoverAware,moderate
2025-11-28,1029593.4500080898,0.018568698562575037,1.1084084010491822e-09,0.018568697454166637,1.1084084010491823e-06,20,XGB_TurnoverAware,moderate
2025-12-05,1021103.6629459688,-0.007268799066075138,0.000976967320700449,-0.008245766386775587,0.9769673207004491,20,XGB_TurnoverAware,moderate
2025-12-12,1015804.8752872184,-0.005189274947197342,2.0893637403178134e-12,-0.0051892749492867055,2.089363740317813e-09,20,XGB_TurnoverAware,moderate
2025-01-01,1014945.5126197067,0.01594551261970656,0.001,0.014945512619706558,1.0,20,XGB_TurnoverAware,aggressive
2025-01-08,994073.1160871026,-0.01976504144614588,0.0007999999999999994,-0.02056504144614588,0.7999999999999994,20,XGB_TurnoverAware,aggressive
2025-01-15,982665.1641269664,-0.010409351555422885,0.0010666171389529988,-0.011475968694375885,1.0666171389529988,20,XGB_TurnoverAware,aggressive
2025-01-22,959829.4714237179,-0.02243852878567898,0.000800000000000001,-0.02323852878567898,0.8000000000000012,20,XGB_TurnoverAware,aggressive
2025-01-29,1007141.5295008271,0.05049214978878602,0.0012,0.04929214978878602,1.2,20,XGB_TurnoverAware,aggressive
2025-02-04,964367.3471691064,-0.04167087532267788,0.0007999999999999998,-0.04247087532267788,0.7999999999999998,20,XGB_TurnoverAware,aggressive
2025-02-11,952631.4039888467,-0.010969577510800743,0.0012,-0.012169577510800743,1.2,20,XGB_TurnoverAware,aggressive
2025-02-18,939616.6067455598,-0.012861944366720834,0.0007999999999999998,-0.013661944366720835,0.7999999999999998,20,XGB_TurnoverAware,aggressive
2025-02-25,938018.7829293644,-0.0009005061476400344,0.0008,-0.0017005061476400344,0.8,20,XGB_TurnoverAware,aggressive
2025-03-05,942307.5474810188,0.004972152103672078,0.0003999999999999999,0.004572152103672078,0.3999999999999999,20,XGB_TurnoverAware,aggressive
2025-03-12,959576.7662600881,0.0195265207046611,0.0012,0.0183265207046611,1.2,20,XGB_TurnoverAware,aggressive
2025-03-21,974236.4514239177,0.016077240632831336,0.0007999999999999998,0.015277240632831335,0.7999999999999998,20,XGB_TurnoverAware,aggressive
2025-03-28,940195.9468753125,-0.034140700995997864,0.0008000000000000004,-0.034940700995997866,0.8000000000000003,20,XGB_TurnoverAware,aggressive
2025-04-07,990234.2564124997,0.054421150020361964,0.0012,0.053221150020361964,1.2,20,XGB_TurnoverAware,aggressive
2025-04-16,1027139.9137596842,0.03806962292830507,0.0008000000000000023,0.03726962292830507,0.8000000000000023,20,XGB_TurnoverAware,aggressive
2025-04-24,1025173.4855873674,-0.0007144696316191412,0.0012,-0.0019144696316191411,1.2,20,XGB_TurnoverAware,aggressive
2025-05-02,1026497.0792317865,0.0012910923497604365,5.551115123125783e-20,0.0012910923497604365,5.551115123125783e-17,20,XGB_TurnoverAware,aggressive
2025-05-09,1059763.073695042,0.03320729577930326,0.0008000000000000016,0.032407295779303256,0.8000000000000016,20,XGB_TurnoverAware,aggressive
2025-05-16,1046757.1763716835,-0.010846419199868618,0.0014260383391653149,-0.012272457539033933,1.4260383391653149,20,XGB_TurnoverAware,aggressive
2025-05-23,1045087.4669879943,-0.0007951258050857835,0.0008,-0.0015951258050857834,0.8,20,XGB_TurnoverAware,aggressive
2025-05-30,1047330.253212857,0.0025460272902577685,0.00039999999999999996,0.0021460272902577683,0.39999999999999997,20,XGB_TurnoverAware,aggressive
2025-06-06,1038851.9656864706,-0.0076951423873967695,0.0004,-0.008095142387396769,0.4,20,XGB_TurnoverAware,aggressive
2025-06-13,1062889.633409744,0.0235386843527694,0.0004000000000000008,0.0231386843527694,0.4000000000000008,20,XGB_TurnoverAware,aggressive
2025-06-20,1084765.8499227385,0.02098183260553199,0.0004,0.02058183260553199,0.4,20,XGB_TurnoverAware,aggressive
2025-06-27,1075225.1744318616,-0.007595147350514808,0.0011999999999999997,-0.008795147350514808,1.1999999999999997,20,XGB_TurnoverAware,aggressive
2025-07-04,1072393.763219903,-0.0022333193077020974,0.0004000000000000002,-0.0026333193077020976,0.4000000000000002,20,XGB_TurnoverAware,aggressive
2025-07-11,1063080.5932388285,-0.007484468616370421,0.0012000000000000008,-0.008684468616370422,1.2000000000000006,20,XGB_TurnoverAware,aggressive
2025-07-18,1038502.3643308376,-0.02191981712798441,0.0012000000000000008,-0.02311981712798441,1.2000000000000006,20,XGB_TurnoverAware,aggressive
2025-07-25,1021126.7328897016,-0.01633143175974583,0.0004,-0.01673143175974583,0.4,20,XGB_TurnoverAware,aggressive
2025-08-01,1023070.2542589143,0.002703310633845213,0.0008,0.001903310633845213,0.8,20,XGB_TurnoverAware,aggressive
2025-08-08,1055399.7185896647,0.032000434277281276,0.00040000000000000045,0.03160043427728128,0.4000000000000004,20,XGB_TurnoverAware,aggressive
2025-08-18,1055658.5677601127,0.00064526173911994,0.0004000000000000002,0.0002452617391199398,0.40000000000000013,20,XGB_TurnoverAware,aggressive
2025-08-25,1043370.4636575988,-0.011240225805761006,0.00040000000000000257,-0.011640225805761009,0.4000000000000026,20,XGB_TurnoverAware,aggressive
2025-09-02,1033348.6096197371,-0.008805269064958376,0.0007999999999999998,-0.009605269064958377,0.7999999999999998,20,XGB_TurnoverAware,aggressive
2025-09-09,1047525.7032062513,0.014119565163716707,0.00039999999999999986,0.013719565163716708,0.39999999999999986,20,XGB_TurnoverAware,aggressive
2025-09-16,1029333.443946803,-0.016166885799332342,0.0012,-0.017366885799332342,1.2,20,XGB_TurnoverAware,aggressive
2025-09-23,1005277.1366242346,-0.022570762374462983,0.0007999999999999997,-0.02337076237446298,0.7999999999999997,20,XGB_TurnoverAware,aggressive
2025-09-30,1038632.1827371292,0.03437995097839619,0.0012000000000000003,0.03317995097839619,1.2000000000000004,20,XGB_TurnoverAware,aggressive
2025-10-08,1048358.481500446,0.009764526658210038,0.00039999999999999953,0.009364526658210038,0.3999999999999996,20,XGB_TurnoverAware,aggressive
2025-10-15,1067177.1805148213,0.018350633630054958,0.00040000000000000045,0.017950633630054957,0.4000000000000004,20,XGB_TurnoverAware,aggressive
2025-10-23,1069848.759255347,0.0037034069218355725,0.0012,0.002503406921835573,1.2,20,XGB_TurnoverAware,aggressive
2025-10-30,1033189.0476265693,-0.03346625615221932,0.0008000000000000006,-0.03426625615221932,0.8000000000000006,20,XGB_TurnoverAware,aggressive
2025-11-07,1075174.5306674677,0.04103678678877509,0.0004,0.040636786788775095,0.4,20,XGB_TurnoverAware,aggressive
2025-11-14,1085448.680613538,0.01035579736407266,0.0007999999999999982,0.009555797364072662,0.7999999999999983,20,XGB_TurnoverAware,aggressive
2025-11-21,1085880.3602778628,0.001197696981934282,0.000800000000000002,0.00039769698193428,0.8000000000000019,20,XGB_TurnoverAware,aggressive
2025-11-28,1107428.6605762392,0.020644083277150838,0.0008000000000000007,0.019844083277150835,0.8000000000000007,20,XGB_TurnoverAware,aggressive
2025-12-05,1094827.8651474593,-0.010178426328810386,0.0011999999999999992,-0.011378426328810386,1.1999999999999993,20,XGB_TurnoverAware,aggressive
2025-12-12,1085299.3581620662,-0.008703201013348094,2.7755575615628914e-19,-0.008703201013348094,2.7755575615628914e-16,20,XGB_TurnoverAware,aggressive
