MAE,RMSE,R2,DirectionalAccuracy,Ticker,Model
0.021788793480471833,0.028446876196776577,-0.021730740805837145,0.557980900409277,RELIANCE.NS,Naive
0.024129706052096116,0.031187964688302136,-0.2281215795212519,0.5457025920873124,RELIANCE.NS,RandomForest
0.026499783955734428,0.0342125054552797,-0.4778727934381075,0.5320600272851296,RELIANCE.NS,XGBoost
0.022963071569720276,0.029425810163057408,-0.09326174706568024,0.47066848567530695,RELIANCE.NS,LSTM
0.01909627052582718,0.026332006346452608,-0.003330974479862636,0.567530695770805,HDFCBANK.NS,Naive
0.02024555417028,0.02763389183944877,-0.10499528390829194,0.5266030013642565,HDFCBANK.NS,RandomForest
0.02211633951162841,0.02943055068981364,-0.25335210457211654,0.5184174624829468,HDFCBANK.NS,XGBoost
0.02095746027666698,0.0276636772656251,-0.10737862486457495,0.4815825375170532,HDFCBANK.NS,LSTM
0.01845837493266122,0.023864762640014952,-0.01766877563143976,0.5320600272851296,ICICIBANK.NS,Naive
0.022324018720063288,0.028176885561939185,-0.418659554861341,0.5225102319236017,ICICIBANK.NS,RandomForest
0.025293805158480863,0.031603793337425155,-0.7847222483044998,0.49931787175989084,ICICIBANK.NS,XGBoost
0.022514005008817718,0.028984444745667144,-0.501143400164134,0.4433833560709413,ICICIBANK.NS,LSTM
0.02591559170304368,0.034028978438051014,-0.029085688626705908,0.5470668485675307,INFY.NS,Naive
0.029710647613576533,0.038692260142105056,-0.3304602796195837,0.5306957708049114,INFY.NS,RandomForest
0.03077395992170332,0.04062783479186968,-0.46690189928113357,0.5238744884038199,INFY.NS,XGBoost
0.026382280510912556,0.03450990440646823,-0.05837903351460949,0.5429740791268759,INFY.NS,LSTM
0.0230807751535215,0.029387259170809147,-0.03419487839381086,0.5006821282401092,TCS.NS,Naive
0.024177452760835667,0.03104277457602881,-0.1539985918355533,0.5279672578444747,TCS.NS,RandomForest
0.02592225622745859,0.03311057055483362,-0.312857366934048,0.5075034106412005,TCS.NS,XGBoost
0.02558466844169136,0.0327168971495686,-0.2818241039282712,0.4979536152796726,TCS.NS,LSTM
0.01794801133435302,0.023794503017719897,-0.007332018901544446,0.5381471389645777,ITC.NS,Naive
0.018627363516910418,0.024646918864678045,-0.08079824974766425,0.5245231607629428,ITC.NS,RandomForest
0.021932543396489514,0.02849153058952659,-0.4442784224665679,0.47411444141689374,ITC.NS,XGBoost
0.022427346619176412,0.02846428709992685,-0.4415177162808077,0.4673024523160763,ITC.NS,LSTM
0.024633217267509597,0.03267941691108067,-0.002805805638650183,0.5934515688949522,LT.NS,Naive
0.03105674194182505,0.04073313366875018,-0.55798720415564,0.49113233287858116,LT.NS,RandomForest
0.029907991201866567,0.039300967078082075,-0.4503563344226478,0.5334242837653479,LT.NS,XGBoost
0.029143416186433874,0.037826849818212514,-0.3435956592340508,0.5334242837653479,LT.NS,LSTM
0.023970606804580494,0.03167950751843203,-0.0010123874606982053,0.5688949522510232,SBIN.NS,Naive
0.02469552456035405,0.033031522288454344,-0.08827784218808099,0.548431105047749,SBIN.NS,RandomForest
0.028198255476581148,0.03750631353024887,-0.403108864119867,0.5620736698499318,SBIN.NS,XGBoost
0.02835778595730356,0.03759219776200541,-0.4095420688395979,0.5306957708049114,SBIN.NS,LSTM
0.021205759947737074,0.02724729898617411,-0.007889477906649844,0.607094133697135,BHARTIARTL.NS,Naive
0.022690959336190333,0.028587211195941514,-0.1094547068562719,0.6030013642564802,BHARTIARTL.NS,RandomForest
0.02365039527558717,0.02983445338499572,-0.20837621216161706,0.5607094133697135,BHARTIARTL.NS,XGBoost
0.023725305519056765,0.030120871940858152,-0.23168903757019743,0.529331514324693,BHARTIARTL.NS,LSTM
0.02003247981804926,0.02548213566198288,-0.027356751632019227,0.45702592087312416,HINDUNILVR.NS,Naive
0.022126265407739036,0.028493434160977847,-0.28451512854804184,0.5006821282401092,HINDUNILVR.NS,RandomForest
0.023263006577132057,0.030002328342312316,-0.424162518388457,0.5129604365620737,HINDUNILVR.NS,XGBoost
0.02181118208918041,0.027666951053287404,-0.21107833738484372,0.4597544338335607,HINDUNILVR.NS,LSTM
0.02262205182651464,0.03077083818517685,-0.0013043783096151618,0.5170532060027285,AXISBANK.NS,Naive
0.023530213884761255,0.031703925296705376,-0.06295170859327692,0.5893587994542974,AXISBANK.NS,RandomForest
0.02879477939349039,0.03701692509992827,-0.4490659205377945,0.5552523874488404,AXISBANK.NS,XGBoost
0.025525381472888572,0.03329967861043636,-0.17264767349356558,0.5279672578444747,AXISBANK.NS,LSTM
0.021372794516357756,0.028412489049041045,-0.007566232908916781,0.5129604365620737,KOTAKBANK.NS,Naive
0.021693300348286985,0.028787352531030257,-0.034328506273859416,0.48567530695770805,KOTAKBANK.NS,RandomForest
0.02415121261255921,0.030858589385557918,-0.18852187899976958,0.4924965893587995,KOTAKBANK.NS,XGBoost
0.02200808501193548,0.02903592506874174,-0.0522680293426343,0.514324693042292,KOTAKBANK.NS,LSTM
0.02185819261588265,0.02945904031204341,-0.02543519827415075,0.5497953615279673,MARUTI.NS,Naive
0.023901453723208656,0.03170753919080809,-0.18794437924270313,0.529331514324693,MARUTI.NS,RandomForest
0.026838964809436303,0.034865871373929554,-0.4363890259969765,0.5443383356070941,MARUTI.NS,XGBoost
0.023635377246907178,0.03112455978253518,-0.14466252937144608,0.5088676671214188,MARUTI.NS,LSTM
0.01925037749637418,0.02483549945198449,-0.0001598602453791731,0.592087312414734,SUNPHARMA.NS,Naive
0.021971508433143654,0.027903097522597068,-0.2624914868981263,0.47885402455661663,SUNPHARMA.NS,RandomForest
0.027101097996229815,0.03365425589860201,-0.8365536080803597,0.45702592087312416,SUNPHARMA.NS,XGBoost
0.022626766659188828,0.02850832200544196,-0.31785289665677485,0.4965893587994543,SUNPHARMA.NS,LSTM
0.02416740081985166,0.030998313110559277,-0.012376840699812819,0.5784447476125512,TITAN.NS,Naive
0.028773548651192977,0.03588883310005631,-0.35701533594425294,0.5839017735334243,TITAN.NS,RandomForest
0.03255241869703149,0.04136147465167823,-0.8024287601424516,0.5852660300136425,TITAN.NS,XGBoost
0.02835527915812651,0.03588100366105929,-0.35642331280254247,0.4965893587994543,TITAN.NS,LSTM
0.023040324413354286,0.030718498936715192,-0.05202318268975059,0.5034106412005457,ASIANPAINT.NS,Naive
0.027912112537901636,0.03621052222526638,-0.46182338999956896,0.4693042291950887,ASIANPAINT.NS,RandomForest
0.029671452083997293,0.03789537236711679,-0.6010234310343316,0.4761255115961801,ASIANPAINT.NS,XGBoost
0.02353899852977361,0.030961122550537817,-0.0687071794623868,0.5320600272851296,ASIANPAINT.NS,LSTM
0.028629702291521456,0.0358018518083651,-0.029716491466986295,0.5306957708049114,BAJFINANCE.NS,Naive
0.03128722502084656,0.03983686386114985,-0.27490249194203464,0.4829467939972715,BAJFINANCE.NS,RandomForest
0.036637996556698936,0.04644537341567317,-0.7329722358646196,0.48567530695770805,BAJFINANCE.NS,XGBoost
0.030923215879169384,0.03863665798765495,-0.19923913968084883,0.5266030013642565,BAJFINANCE.NS,LSTM
0.02511221090897442,0.03315317330730594,-0.003918251966234632,0.5770804911323328,HCLTECH.NS,Naive
0.028337970535704932,0.037080606270398504,-0.2558616389230228,0.5320600272851296,HCLTECH.NS,RandomForest
0.032095438923805786,0.04176602999839076,-0.5932889143360376,0.48840381991814463,HCLTECH.NS,XGBoost
0.03172523595071516,0.04216209958502862,-0.6236506910437363,0.504774897680764,HCLTECH.NS,LSTM
0.025557253090096016,0.03410407661096813,-0.01653587958051861,0.548431105047749,NTPC.NS,Naive
0.032496952538248254,0.043065145783986625,-0.6209214337656157,0.46521145975443384,NTPC.NS,RandomForest
0.03320354943986204,0.04366594467943278,-0.6664636387735838,0.47885402455661663,NTPC.NS,XGBoost
0.029994282779603986,0.04044872121933049,-0.42994625152988486,0.4843110504774898,NTPC.NS,LSTM
0.024314935381814954,0.032287857381567225,-0.0014002144363884916,0.5852660300136425,POWERGRID.NS,Naive
0.026239865272268542,0.03394443661452809,-0.10679308601374982,0.5375170532060027,POWERGRID.NS,RandomForest
0.02827749224465974,0.0365046011217073,-0.28004265605298073,0.5402455661664393,POWERGRID.NS,XGBoost
0.028064512588759697,0.03927548885383545,-0.48174143730024177,0.5634379263301501,POWERGRID.NS,LSTM
