Date,PortfolioValue,GrossReturn,TransactionCost,NetReturn,Turnover,NStocks,Strategy,RiskProfile,CostBps
2025-01-01,1003275.299878208,0.00427529987820785,0.001,0.00327529987820785,1.0,20,BuyHold,,10.0
2025-01-08,984931.864005207,-0.018283551758154326,0.0,-0.018283551758154326,0.0,20,BuyHold,,10.0
2025-01-15,988114.6395097942,0.003231467699343682,0.0,0.003231467699343682,0.0,20,BuyHold,,10.0
2025-01-22,984328.2143658381,-0.003831969482644748,0.0,-0.003831969482644748,0.0,20,BuyHold,,10.0
2025-01-29,1013811.5201400894,0.029952718355478858,0.0,0.029952718355478858,0.0,20,BuyHold,,10.0
2025-02-04,977979.7257947616,-0.03534364488221309,0.0,-0.03534364488221309,0.0,20,BuyHold,,10.0
2025-02-11,977036.494074123,-0.0009644696058214164,0.0,-0.0009644696058214164,0.0,20,BuyHold,,10.0
2025-02-18,959683.5122487517,-0.01776083281496632,0.0,-0.01776083281496632,0.0,20,BuyHold,,10.0
2025-02-25,946931.5171388938,-0.013287708861411063,0.0,-0.013287708861411063,0.0,20,BuyHold,,10.0
2025-03-05,954903.0773343663,0.008418306974888878,0.0,0.008418306974888878,0.0,20,BuyHold,,10.0
2025-03-12,975808.9687800056,0.021893207742086807,0.0,0.021893207742086807,0.0,20,BuyHold,,10.0
2025-03-21,984445.9581283065,0.008851106747972626,0.0,0.008851106747972626,0.0,20,BuyHold,,10.0
2025-03-28,937398.6566634509,-0.04779063906596259,0.0,-0.04779063906596259,0.0,20,BuyHold,,10.0
2025-04-07,983039.4847197568,0.04868881316595708,0.0,0.04868881316595708,0.0,20,BuyHold,,10.0
2025-04-16,1015279.4885855261,0.03279624508161061,0.0,0.03279624508161061,0.0,20,BuyHold,,10.0
2025-04-24,1014983.2772680704,-0.0002917534735863425,0.0,-0.0002917534735863425,0.0,20,BuyHold,,10.0
2025-05-02,1001771.9900705373,-0.013016260950714953,0.0,-0.013016260950714953,0.0,20,BuyHold,,10.0
2025-05-09,1034264.0779006284,0.03243461401611292,0.0,0.03243461401611292,0.0,20,BuyHold,,10.0
2025-05-16,1026022.0758838803,-0.007968953184062988,0.0,-0.007968953184062988,0.0,20,BuyHold,,10.0
2025-05-23,1020331.9073522985,-0.005545853900540965,0.0,-0.005545853900540965,0.0,20,BuyHold,,10.0
2025-05-30,1026322.4528955122,0.0058711733898029195,0.0,0.0058711733898029195,0.0,20,BuyHold,,10.0
2025-06-06,1018113.8370570176,-0.007998086581206598,0.0,-0.007998086581206598,0.0,20,BuyHold,,10.0
2025-06-13,1033632.775192101,0.015242831960660563,0.0,0.015242831960660563,0.0,20,BuyHold,,10.0
2025-06-20,1050485.8197597284,0.016304673160635108,0.0,0.016304673160635108,0.0,20,BuyHold,,10.0
2025-06-27,1044319.2291999406,-0.005870227321296273,0.0,-0.005870227321296273,0.0,20,BuyHold,,10.0
2025-07-04,1036787.0374659377,-0.007212537625849724,0.0,-0.007212537625849724,0.0,20,BuyHold,,10.0
2025-07-11,1025599.5437468573,-0.010790541658800334,0.0,-0.010790541658800334,0.0,20,BuyHold,,10.0
2025-07-18,1012967.3047246956,-0.012316931203003367,0.0,-0.012316931203003367,0.0,20,BuyHold,,10.0
2025-07-25,1002846.0280757155,-0.00999171108659902,0.0,-0.00999171108659902,0.0,20,BuyHold,,10.0
2025-08-01,999777.3294490811,-0.0030599898097245504,0.0,-0.0030599898097245504,0.0,20,BuyHold,,10.0
2025-08-08,1021208.8779663,0.021436321754793708,0.0,0.021436321754793708,0.0,20,BuyHold,,10.0
2025-08-18,1027554.9794326166,0.006214303070841476,0.0,0.006214303070841476,0.0,20,BuyHold,,10.0
2025-08-25,1016147.2597422159,-0.011101809556409048,0.0,-0.011101809556409048,0.0,20,BuyHold,,10.0
2025-09-02,1019861.3714358059,0.00365509197410252,0.0,0.00365509197410252,0.0,20,BuyHold,,10.0
2025-09-09,1038928.950018575,0.018696245506313103,0.0,0.018696245506313103,0.0,20,BuyHold,,10.0
2025-09-16,1038272.138289915,-0.0006322008147411351,0.0,-0.0006322008147411351,0.0,20,BuyHold,,10.0
2025-09-23,1016082.1088761723,-0.021372074425777043,0.0,-0.021372074425777043,0.0,20,BuyHold,,10.0
2025-09-30,1037007.2004864773,0.02059389829572833,0.0,0.02059389829572833,0.0,20,BuyHold,,10.0
2025-10-08,1048735.085905472,0.011309357749389681,0.0,0.011309357749389681,0.0,20,BuyHold,,10.0
2025-10-15,1080385.7932900798,0.03017988795261939,0.0,0.03017988795261939,0.0,20,BuyHold,,10.0
2025-10-23,1078144.8969735594,-0.002074163072522728,0.0,-0.002074163072522728,0.0,20,BuyHold,,10.0
2025-10-30,1061023.6747541423,-0.015880260869830964,0.0,-0.015880260869830964,0.0,20,BuyHold,,10.0
2025-11-07,1084562.802703145,0.022185299450982576,0.0,0.022185299450982576,0.0,20,BuyHold,,10.0
2025-11-14,1095217.724147501,0.009824162711278506,0.0,0.009824162711278506,0.0,20,BuyHold,,10.0
2025-11-21,1100540.3649203563,0.004859892837288049,0.0,0.004859892837288049,0.0,20,BuyHold,,10.0
2025-11-28,1103754.6314430286,0.0029206257445222317,0.0,0.0029206257445222317,0.0,20,BuyHold,,10.0
2025-12-05,1094524.9005371255,-0.008362122017858575,0.0,-0.008362122017858575,0.0,20,BuyHold,,10.0
2025-12-12,1092282.4151504005,-0.0020488208040078115,0.0,-0.0020488208040078115,0.0,20,BuyHold,,10.0
2025-01-01,1003275.299878208,0.00427529987820785,0.001,0.00327529987820785,1.0,20,EqualWeight,,10.0
2025-01-08,984931.864005207,-0.018283551758154326,0.0,-0.018283551758154326,0.0,20,EqualWeight,,10.0
2025-01-15,988114.6395097942,0.003231467699343682,0.0,0.003231467699343682,0.0,20,EqualWeight,,10.0
2025-01-22,984328.2143658381,-0.003831969482644748,0.0,-0.003831969482644748,0.0,20,EqualWeight,,10.0
2025-01-29,1013811.5201400894,0.029952718355478858,0.0,0.029952718355478858,0.0,20,EqualWeight,,10.0
2025-02-04,977979.7257947616,-0.03534364488221309,0.0,-0.03534364488221309,0.0,20,EqualWeight,,10.0
2025-02-11,977036.494074123,-0.0009644696058214164,0.0,-0.0009644696058214164,0.0,20,EqualWeight,,10.0
2025-02-18,959683.5122487517,-0.01776083281496632,0.0,-0.01776083281496632,0.0,20,EqualWeight,,10.0
2025-02-25,946931.5171388938,-0.013287708861411063,0.0,-0.013287708861411063,0.0,20,EqualWeight,,10.0
2025-03-05,954903.0773343663,0.008418306974888878,0.0,0.008418306974888878,0.0,20,EqualWeight,,10.0
2025-03-12,975808.9687800056,0.021893207742086807,0.0,0.021893207742086807,0.0,20,EqualWeight,,10.0
2025-03-21,984445.9581283065,0.008851106747972626,0.0,0.008851106747972626,0.0,20,EqualWeight,,10.0
2025-03-28,937398.6566634509,-0.04779063906596259,0.0,-0.04779063906596259,0.0,20,EqualWeight,,10.0
2025-04-07,983039.4847197568,0.04868881316595708,0.0,0.04868881316595708,0.0,20,EqualWeight,,10.0
2025-04-16,1015279.4885855261,0.03279624508161061,0.0,0.03279624508161061,0.0,20,EqualWeight,,10.0
2025-04-24,1014983.2772680704,-0.0002917534735863425,0.0,-0.0002917534735863425,0.0,20,EqualWeight,,10.0
2025-05-02,1001771.9900705373,-0.013016260950714953,0.0,-0.013016260950714953,0.0,20,EqualWeight,,10.0
2025-05-09,1034264.0779006284,0.03243461401611292,0.0,0.03243461401611292,0.0,20,EqualWeight,,10.0
2025-05-16,1026022.0758838803,-0.007968953184062988,0.0,-0.007968953184062988,0.0,20,EqualWeight,,10.0
2025-05-23,1020331.9073522985,-0.005545853900540965,0.0,-0.005545853900540965,0.0,20,EqualWeight,,10.0
2025-05-30,1026322.4528955122,0.0058711733898029195,0.0,0.0058711733898029195,0.0,20,EqualWeight,,10.0
2025-06-06,1018113.8370570176,-0.007998086581206598,0.0,-0.007998086581206598,0.0,20,EqualWeight,,10.0
2025-06-13,1033632.775192101,0.015242831960660563,0.0,0.015242831960660563,0.0,20,EqualWeight,,10.0
2025-06-20,1050485.8197597284,0.016304673160635108,0.0,0.016304673160635108,0.0,20,EqualWeight,,10.0
2025-06-27,1044319.2291999406,-0.005870227321296273,0.0,-0.005870227321296273,0.0,20,EqualWeight,,10.0
2025-07-04,1036787.0374659377,-0.007212537625849724,0.0,-0.007212537625849724,0.0,20,EqualWeight,,10.0
2025-07-11,1025599.5437468573,-0.010790541658800334,0.0,-0.010790541658800334,0.0,20,EqualWeight,,10.0
2025-07-18,1012967.3047246956,-0.012316931203003367,0.0,-0.012316931203003367,0.0,20,EqualWeight,,10.0
2025-07-25,1002846.0280757155,-0.00999171108659902,0.0,-0.00999171108659902,0.0,20,EqualWeight,,10.0
2025-08-01,999777.3294490811,-0.0030599898097245504,0.0,-0.0030599898097245504,0.0,20,EqualWeight,,10.0
2025-08-08,1021208.8779663,0.021436321754793708,0.0,0.021436321754793708,0.0,20,EqualWeight,,10.0
2025-08-18,1027554.9794326166,0.006214303070841476,0.0,0.006214303070841476,0.0,20,EqualWeight,,10.0
2025-08-25,1016147.2597422159,-0.011101809556409048,0.0,-0.011101809556409048,0.0,20,EqualWeight,,10.0
2025-09-02,1019861.3714358059,0.00365509197410252,0.0,0.00365509197410252,0.0,20,EqualWeight,,10.0
2025-09-09,1038928.950018575,0.018696245506313103,0.0,0.018696245506313103,0.0,20,EqualWeight,,10.0
2025-09-16,1038272.138289915,-0.0006322008147411351,0.0,-0.0006322008147411351,0.0,20,EqualWeight,,10.0
2025-09-23,1016082.1088761723,-0.021372074425777043,0.0,-0.021372074425777043,0.0,20,EqualWeight,,10.0
2025-09-30,1037007.2004864773,0.02059389829572833,0.0,0.02059389829572833,0.0,20,EqualWeight,,10.0
2025-10-08,1048735.085905472,0.011309357749389681,0.0,0.011309357749389681,0.0,20,EqualWeight,,10.0
2025-10-15,1080385.7932900798,0.03017988795261939,0.0,0.03017988795261939,0.0,20,EqualWeight,,10.0
2025-10-23,1078144.8969735594,-0.002074163072522728,0.0,-0.002074163072522728,0.0,20,EqualWeight,,10.0
2025-10-30,1061023.6747541423,-0.015880260869830964,0.0,-0.015880260869830964,0.0,20,EqualWeight,,10.0
2025-11-07,1084562.802703145,0.022185299450982576,0.0,0.022185299450982576,0.0,20,EqualWeight,,10.0
2025-11-14,1095217.724147501,0.009824162711278506,0.0,0.009824162711278506,0.0,20,EqualWeight,,10.0
2025-11-21,1100540.3649203563,0.004859892837288049,0.0,0.004859892837288049,0.0,20,EqualWeight,,10.0
2025-11-28,1103754.6314430286,0.0029206257445222317,0.0,0.0029206257445222317,0.0,20,EqualWeight,,10.0
2025-12-05,1094524.9005371255,-0.008362122017858575,0.0,-0.008362122017858575,0.0,20,EqualWeight,,10.0
2025-12-12,1092282.4151504005,-0.0020488208040078115,0.0,-0.0020488208040078115,0.0,20,EqualWeight,,10.0
2025-01-01,1004280.1753442045,0.005280175344204441,0.001,0.004280175344204441,1.0,10,RiskOnly,,10.0
2025-01-08,988623.5775141513,-0.01518763757128494,0.0004022328796447642,-0.015589870450929704,0.40223287964476423,10,RiskOnly,,10.0
2025-01-15,993655.302459983,0.005479826236256313,0.00039019954691141566,0.005089626689344898,0.3901995469114157,10,RiskOnly,,10.0
2025-01-22,993392.2916732453,-3.413531550278126e-05,0.00023055485027866708,-0.00026469016578144834,0.23055485027866707,10,RiskOnly,,10.0
2025-01-29,1026108.4186950922,0.03317183953450664,0.00023809594088488453,0.03293374359362176,0.2380959408848845,10,RiskOnly,,10.0
2025-02-04,992925.5071924494,-0.03209454704276771,0.00024405470541956795,-0.03233860174818728,0.24405470541956797,10,RiskOnly,,10.0
2025-02-11,988000.7250780425,-0.004747425593432775,0.00021244509045368026,-0.004959870683886455,0.21244509045368026,10,RiskOnly,,10.0
2025-02-18,968334.3336013433,-0.01951598738811433,0.0003892525348074707,-0.019905239922921803,0.3892525348074707,10,RiskOnly,,10.0
2025-02-25,957693.8118105691,-0.010790013456692615,0.000198465854167877,-0.010988479310860493,0.198465854167877,10,RiskOnly,,10.0
2025-03-05,977600.0330697414,0.020984546381764613,0.00019896646709585214,0.02078557991466876,0.19896646709585214,10,RiskOnly,,10.0
2025-03-12,996719.3997297111,0.019763940970829674,0.0002064880113271574,0.01955745295950252,0.20648801132715738,10,RiskOnly,,10.0
2025-03-21,1010522.8911690769,0.013871634836955193,2.2710613037357634e-05,0.013848924223917836,0.022710613037357635,10,RiskOnly,,10.0
2025-03-28,972864.861556709,-0.037071378732020155,0.00019450603067048733,-0.03726588476269064,0.19450603067048733,10,RiskOnly,,10.0
2025-04-07,1029109.1587278626,0.05802646504408937,0.00021340241465541782,0.057813062629433955,0.21340241465541784,10,RiskOnly,,10.0
2025-04-16,1053901.0540190132,0.024325258166091768,0.00023462105447867509,0.024090637111613092,0.2346210544786751,10,RiskOnly,,10.0
2025-04-24,1063856.6841989788,0.00963557515459823,0.0001891189222979145,0.009446456232300317,0.1891189222979145,10,RiskOnly,,10.0
2025-05-02,1043794.6908131933,-0.01865113125509177,0.00020666574309222008,-0.01885779699818399,0.20666574309222008,10,RiskOnly,,10.0
2025-05-09,1082731.151767947,0.03768087446559942,0.00037807795068399614,0.03730279651491543,0.37807795068399613,10,RiskOnly,,10.0
2025-05-16,1071306.9173374649,-0.01015867939081827,0.0003926328272036479,-0.010551312218021918,0.3926328272036479,10,RiskOnly,,10.0
2025-05-23,1063139.6760048743,-0.007611023949167239,1.2600243317915178e-05,-0.007623624192485154,0.012600243317915177,10,RiskOnly,,10.0
2025-05-30,1068408.7525468934,0.004981928367238764,2.578134258857938e-05,0.004956147024650184,0.02578134258857938,10,RiskOnly,,10.0
2025-06-06,1049243.9892576477,-0.017738738512048435,0.0001989311706086954,-0.017937669682657132,0.19893117060869542,10,RiskOnly,,10.0
2025-06-13,1068090.950120918,0.017996869749518085,3.445008714323722e-05,0.017962419662374846,0.03445008714323722,10,RiskOnly,,10.0
2025-06-20,1088433.6512654794,0.019066601332802025,2.0750282141708084e-05,0.019045851050660315,0.020750282141708085,10,RiskOnly,,10.0
2025-06-27,1088756.2969859927,0.0005000033293272033,0.00020357210438466363,0.00029643122494253963,0.20357210438466364,10,RiskOnly,,10.0
2025-07-04,1085213.922572902,-0.0030256659189732416,0.00022793125690284097,-0.0032535971758760824,0.22793125690284097,10,RiskOnly,,10.0
2025-07-11,1079964.288724056,-0.004397379777536514,0.00044003867024726217,-0.004837418447783777,0.4400386702472622,10,RiskOnly,,10.0
2025-07-18,1073954.2680324346,-0.005340674408321422,0.00022434357826579506,-0.005565017986587217,0.2243435782657951,10,RiskOnly,,10.0
2025-07-25,1082952.3425043544,0.008613197589378174,0.00023474541524134098,0.008378452174136833,0.23474541524134096,10,RiskOnly,,10.0
2025-08-01,1078548.8054591648,-0.0038577810869805385,0.00020845236795276532,-0.0040662334549333035,0.2084523679527653,10,RiskOnly,,10.0
2025-08-08,1099437.8745021333,0.01994978803143721,0.000582033009840743,0.019367755021596468,0.582033009840743,10,RiskOnly,,10.0
2025-08-18,1097808.208466314,-0.0012924407473535737,0.0001898313060422741,-0.0014822720533958478,0.1898313060422741,10,RiskOnly,,10.0
2025-08-25,1085473.539470793,-0.010841620926907214,0.00039410212598672796,-0.011235723052893942,0.394102125986728,10,RiskOnly,,10.0
2025-09-02,1085054.0915659901,-0.0003432934520509745,4.3125829074281556e-05,-0.00038641928112525604,0.04312582907428156,10,RiskOnly,,10.0
2025-09-09,1107485.8450506984,0.020864268983911805,0.0001908724601182091,0.020673396523793595,0.1908724601182091,10,RiskOnly,,10.0
2025-09-16,1109451.1618654798,0.0017950121604817237,2.043705095387638e-05,0.0017745751095278473,0.02043705095387638,10,RiskOnly,,10.0
2025-09-23,1091924.6647391352,-0.015422441234119955,0.0003750068454104074,-0.015797448079530364,0.3750068454104074,10,RiskOnly,,10.0
2025-09-30,1099645.7185709614,0.007265080586183581,0.00019403064917092742,0.0070710499370126535,0.19403064917092744,10,RiskOnly,,10.0
2025-10-08,1112721.1427612402,0.012095620363648862,0.00020504145313322958,0.011890578910515632,0.20504145313322958,10,RiskOnly,,10.0
2025-10-15,1141141.699304715,0.025571591884754996,3.0101342975003377e-05,0.025541490541779992,0.030101342975003373,10,RiskOnly,,10.0
2025-10-23,1146966.221101399,0.00546874032322342,0.0003646224032202698,0.00510411792000315,0.36462240322026973,10,RiskOnly,,10.0
2025-10-30,1120802.1086433239,-0.0227715656308759,4.0015021386404944e-05,-0.022811580652262305,0.04001502138640495,10,RiskOnly,,10.0
2025-11-07,1143697.6547903027,0.020617515100985084,0.00018969294539254781,0.020427822155592537,0.18969294539254783,10,RiskOnly,,10.0
2025-11-14,1148953.2801679883,0.004795438390239548,0.00020014578325328056,0.004595292606986268,0.20014578325328058,10,RiskOnly,,10.0
2025-11-21,1158066.3419342542,0.008136860762909759,0.0002052399358789664,0.007931620827030793,0.2052399358789664,10,RiskOnly,,10.0
2025-11-28,1148058.089218905,-0.008601357526201281,4.085264168326847e-05,-0.00864221016788455,0.04085264168326848,10,RiskOnly,,10.0
2025-12-05,1142919.682460576,-0.00444642355426228,2.931404698120038e-05,-0.00447573760124348,0.02931404698120038,10,RiskOnly,,10.0
2025-12-12,1137701.4574833047,-0.004528045151159676,3.765185918232878e-05,-0.0045656970103420055,0.03765185918232879,10,RiskOnly,,10.0
2025-01-01,1008897.9110143401,0.00989791101434001,0.001,0.00889791101434001,1.0,10,XGB_EqualWeight,,10.0
2025-01-08,990530.6994283564,-0.01740522313057169,0.0007999999999999999,-0.01820522313057169,0.7999999999999999,10,XGB_EqualWeight,,10.0
2025-01-15,982717.6641799156,-0.006887726501510483,0.0009999999999999998,-0.007887726501510482,0.9999999999999999,10,XGB_EqualWeight,,10.0
2025-01-22,972194.1867259062,-0.009908546144625663,0.0007999999999999999,-0.010708546144625663,0.7999999999999999,10,XGB_EqualWeight,,10.0
2025-01-29,1009787.1261665407,0.03926813847883359,0.0006,0.03866813847883359,0.6,10,XGB_EqualWeight,,10.0
2025-02-04,969864.8382185106,-0.03853535048479695,0.001,-0.03953535048479695,1.0,10,XGB_EqualWeight,,10.0
2025-02-11,962122.0447399735,-0.0069833737376843175,0.001,-0.007983373737684318,1.0,10,XGB_EqualWeight,,10.0
2025-02-18,941248.5202088845,-0.020695298060372735,0.001,-0.021695298060372736,1.0,10,XGB_EqualWeight,,10.0
2025-02-25,940026.8538479599,-0.000297921149085556,0.001,-0.001297921149085556,1.0,10,XGB_EqualWeight,,10.0
2025-03-05,942454.3184016068,0.003382335327666519,0.0008,0.002582335327666519,0.8,10,XGB_EqualWeight,,10.0
2025-03-12,959123.4106020235,0.0184868967279892,0.0007999999999999999,0.0176868967279892,0.7999999999999999,10,XGB_EqualWeight,,10.0
2025-03-21,970789.6151062269,0.01276340293151712,0.0006,0.01216340293151712,0.6,10,XGB_EqualWeight,,10.0
2025-03-28,919590.8349171415,-0.05193931590572598,0.0008,-0.05273931590572598,0.8,10,XGB_EqualWeight,,10.0
2025-04-07,967581.5656468775,0.05358704766023492,0.0014000000000000004,0.05218704766023492,1.4000000000000004,10,XGB_EqualWeight,,10.0
2025-04-16,1003890.4015504518,0.03852534896559345,0.001,0.03752534896559345,1.0,10,XGB_EqualWeight,,10.0
2025-04-24,1010378.9974255834,0.007463450457450671,0.001,0.006463450457450671,1.0,10,XGB_EqualWeight,,10.0
2025-05-02,998988.4915859784,-0.010273498230493394,0.0009999999999999998,-0.011273498230493393,0.9999999999999999,10,XGB_EqualWeight,,10.0
2025-05-09,1030076.7993369662,0.03231978567604177,0.0012000000000000001,0.031119785676041768,1.2000000000000002,10,XGB_EqualWeight,,10.0
2025-05-16,1018847.014621949,-0.010101890734987462,0.0007999999999999999,-0.010901890734987462,0.7999999999999999,10,XGB_EqualWeight,,10.0
2025-05-23,1013666.986303775,-0.004084206209404417,0.0009999999999999998,-0.005084206209404417,0.9999999999999999,10,XGB_EqualWeight,,10.0
2025-05-30,1020901.153627853,0.007536631084787082,0.0004,0.007136631084787082,0.4,10,XGB_EqualWeight,,10.0
2025-06-06,1006099.3184634402,-0.013898793650896857,0.0006,-0.014498793650896857,0.6,10,XGB_EqualWeight,,10.0
2025-06-13,1024627.6664625972,0.019216022811201494,0.0007999999999999999,0.018416022811201496,0.7999999999999999,10,XGB_EqualWeight,,10.0
2025-06-20,1040589.2812519387,0.016177965842408826,0.0006,0.015577965842408826,0.6,10,XGB_EqualWeight,,10.0
2025-06-27,1032016.5092436299,-0.00723838200408411,0.0009999999999999998,-0.008238382004084109,0.9999999999999999,10,XGB_EqualWeight,,10.0
2025-07-04,1020295.9907448875,-0.010356909888323829,0.001,-0.01135690988832383,1.0,10,XGB_EqualWeight,,10.0
2025-07-11,1002112.5431330947,-0.017021737786617752,0.0007999999999999999,-0.01782173778661775,0.7999999999999999,10,XGB_EqualWeight,,10.0
2025-07-18,984334.5075200656,-0.016940557919219446,0.0008,-0.017740557919219444,0.8,10,XGB_EqualWeight,,10.0
2025-07-25,982466.6560994658,-0.0012975779131280119,0.0006000000000000001,-0.001897577913128012,0.6000000000000001,10,XGB_EqualWeight,,10.0
2025-08-01,986667.9022630828,0.00507622264586205,0.0007999999999999999,0.004276222645862049,0.7999999999999999,10,XGB_EqualWeight,,10.0
2025-08-08,1010932.5715427031,0.02539253941874997,0.0008,0.024592539418749972,0.8,10,XGB_EqualWeight,,10.0
2025-08-18,1017301.5634822543,0.007300115476378322,0.0009999999999999998,0.006300115476378322,0.9999999999999999,10,XGB_EqualWeight,,10.0
2025-08-25,1001251.9775626424,-0.01517662562974309,0.0006,-0.01577662562974309,0.6,10,XGB_EqualWeight,,10.0
2025-09-02,1005053.1413549866,0.004396410771239978,0.0006,0.003796410771239978,0.6,10,XGB_EqualWeight,,10.0
2025-09-09,1024218.6142462845,0.019869113962928786,0.0007999999999999999,0.019069113962928787,0.7999999999999999,10,XGB_EqualWeight,,10.0
2025-09-16,1026655.1794977018,0.00317895037009297,0.0007999999999999999,0.00237895037009297,0.7999999999999999,10,XGB_EqualWeight,,10.0
2025-09-23,1003706.8891666839,-0.021352480939360263,0.0009999999999999998,-0.022352480939360264,0.9999999999999999,10,XGB_EqualWeight,,10.0
2025-09-30,1033099.478266512,0.030084036422456828,0.0007999999999999999,0.02928403642245683,0.7999999999999999,10,XGB_EqualWeight,,10.0
2025-10-08,1044157.9841266568,0.011104202347193448,0.0004,0.010704202347193449,0.4,10,XGB_EqualWeight,,10.0
2025-10-15,1070872.1718288925,0.026184430812526527,0.0006,0.025584430812526527,0.6,10,XGB_EqualWeight,,10.0
2025-10-23,1072895.310302313,0.00288924367131993,0.0009999999999999998,0.00188924367131993,0.9999999999999999,10,XGB_EqualWeight,,10.0
2025-10-30,1045222.6614088787,-0.024992496833299405,0.0007999999999999999,-0.025792496833299403,0.7999999999999999,10,XGB_EqualWeight,,10.0
2025-11-07,1080249.2476942693,0.03431112406822234,0.0007999999999999999,0.03351112406822234,0.7999999999999999,10,XGB_EqualWeight,,10.0
2025-11-14,1088597.3169696445,0.008927910288476282,0.0012000000000000001,0.007727910288476282,1.2000000000000002,10,XGB_EqualWeight,,10.0
2025-11-21,1098150.6980622364,0.009375863162317755,0.0006,0.008775863162317755,0.6,10,XGB_EqualWeight,,10.0
2025-11-28,1101315.4796186509,0.003681919177394244,0.0007999999999999999,0.002881919177394244,0.7999999999999999,10,XGB_EqualWeight,,10.0
2025-12-05,1097287.4023087737,-0.002657514476480438,0.0009999999999999998,-0.003657514476480438,0.9999999999999999,10,XGB_EqualWeight,,10.0
2025-12-12,1085378.8165043949,-0.010052749953496587,0.0008,-0.010852749953496587,0.8,10,XGB_EqualWeight,,10.0
2025-01-01,1014945.5190207025,0.015945519020702514,0.001,0.014945519020702513,1.0,20,XGB_Risk,conservative,10.0
2025-01-08,988543.2186357612,-0.024611974964332206,0.0014015399388284972,-0.026013514903160704,1.4015399388284973,20,XGB_Risk,conservative,10.0
2025-01-15,976248.9221084742,-0.011038321958590558,0.0013984600611715026,-0.01243678201976206,1.3984600611715026,20,XGB_Risk,conservative,10.0
2025-01-22,948254.6995519672,-0.027475291641854915,0.0012000000000000001,-0.028675291641854915,1.2000000000000002,20,XGB_Risk,conservative,10.0
2025-01-29,994996.2275811632,0.05049216596688688,0.0012,0.04929216596688688,1.2,20,XGB_Risk,conservative,10.0
2025-02-04,952737.7959483485,-0.04167094658393322,0.0008,-0.042470946583933224,0.8,20,XGB_Risk,conservative,10.0
2025-02-11,941143.3655060211,-0.01096959219171778,0.0012,-0.01216959219171778,1.2,20,XGB_Risk,conservative,10.0
2025-02-18,928285.5430782348,-0.012861916875834378,0.0008,-0.013661916875834379,0.8,20,XGB_Risk,conservative,10.0
2025-02-25,927482.4211409994,0.000334833087487052,0.0011999999999999997,-0.0008651669125129477,1.1999999999999997,20,XGB_Risk,conservative,10.0
2025-03-05,935641.7878036769,0.009197327557582957,0.0004000000000000002,0.008797327557582956,0.4000000000000002,20,XGB_Risk,conservative,10.0
2025-03-12,953163.1310395212,0.019526550549835653,0.0008,0.018726550549835654,0.8,20,XGB_Risk,conservative,10.0
2025-03-21,965538.8469342457,0.014183838224237189,0.0011999999999999997,0.012983838224237189,1.1999999999999997,20,XGB_Risk,conservative,10.0
2025-03-28,931466.2911151631,-0.03448864315223443,0.0007999999999999998,-0.035288643152234435,0.7999999999999998,20,XGB_Risk,conservative,10.0
2025-04-07,977854.95294755,0.051401761239099564,0.0015999999999999999,0.049801761239099566,1.5999999999999999,20,XGB_Risk,conservative,10.0
2025-04-16,1012470.596669704,0.03659956883974669,0.0012000000000000001,0.03539956883974669,1.2000000000000002,20,XGB_Risk,conservative,10.0
2025-04-24,1014677.2465303176,0.003779470562278009,0.0016,0.002179470562278009,1.6,20,XGB_Risk,conservative,10.0
2025-05-02,1015163.3260213864,0.0012790483798970076,0.0007999999999999998,0.00047904837989700777,0.7999999999999998,20,XGB_Risk,conservative,10.0
2025-05-09,1035020.2345416455,0.0211603091751571,0.0015999999999999996,0.0195603091751571,1.5999999999999996,20,XGB_Risk,conservative,10.0
2025-05-16,1022551.9470360191,-0.010846419083920589,0.0012000000000000001,-0.012046419083920588,1.2000000000000002,20,XGB_Risk,conservative,10.0
2025-05-23,1020920.8698676203,-0.0007951044571639088,0.0007999999999999998,-0.0015951044571639087,0.7999999999999998,20,XGB_Risk,conservative,10.0
2025-05-30,1023111.8004402851,0.00254603368128703,0.00040000000000000034,0.0021460336812870297,0.40000000000000036,20,XGB_Risk,conservative,10.0
2025-06-06,1014829.5496263824,-0.0076951571571538535,0.00039999999999999986,-0.008095157157153853,0.39999999999999986,20,XGB_Risk,conservative,10.0
2025-06-13,1034586.9976489415,0.020668735444127506,0.0012,0.019468735444127507,1.2,20,XGB_Risk,conservative,10.0
2025-06-20,1058102.7765343112,0.02392962925187403,0.0012,0.02272962925187403,1.2,20,XGB_Risk,conservative,10.0
2025-06-27,1048335.683968765,-0.00803075979210377,0.0011999999999999997,-0.00923075979210377,1.1999999999999997,20,XGB_Risk,conservative,10.0
2025-07-04,1045155.7627393861,-0.0022333043871409775,0.0008,-0.0030333043871409774,0.8,20,XGB_Risk,conservative,10.0
2025-07-11,1041193.7924541857,-0.00219079408682199,0.0016,-0.00379079408682199,1.6,20,XGB_Risk,conservative,10.0
2025-07-18,1016613.0042758944,-0.022408273845306192,0.0012000000000000008,-0.023608273845306192,1.2000000000000006,20,XGB_Risk,conservative,10.0
2025-07-25,990031.8106245024,-0.024946816477451117,0.0012,-0.026146816477451117,1.2,20,XGB_Risk,conservative,10.0
2025-08-01,991916.1484109035,0.002703310344353893,0.0008,0.0019033103443538931,0.8,20,XGB_Risk,conservative,10.0
2025-08-08,1025288.1279481532,0.03444395225414265,0.0008000000000000006,0.03364395225414265,0.8000000000000005,20,XGB_Risk,conservative,10.0
2025-08-18,1032467.468124745,0.0078022659785979,0.0008000000000000014,0.007002265978597899,0.8000000000000014,20,XGB_Risk,conservative,10.0
2025-08-25,1016472.4390918786,-0.01445917224339055,0.0010328694205640832,-0.015492041663954632,1.0328694205640834,20,XGB_Risk,conservative,10.0
2025-09-02,1005773.3077371417,-0.009725746634405064,0.0007999999999999998,-0.010525746634405064,0.7999999999999998,20,XGB_Risk,conservative,10.0
2025-09-09,1015679.8193085936,0.010249646530926748,0.0004,0.009849646530926749,0.4,20,XGB_Risk,conservative,10.0
2025-09-16,1004178.8367173943,-0.00972343320459823,0.0015999999999999999,-0.011323433204598232,1.5999999999999999,20,XGB_Risk,conservative,10.0
2025-09-23,979393.2443031442,-0.023082448492215635,0.0015999999999999996,-0.024682448492215635,1.5999999999999996,20,XGB_Risk,conservative,10.0
2025-09-30,1019607.5060790784,0.04226038305843893,0.0012000000000000008,0.04106038305843893,1.2000000000000006,20,XGB_Risk,conservative,10.0
2025-10-08,1030331.0300471754,0.01171730583009789,0.0012,0.01051730583009789,1.2,20,XGB_Risk,conservative,10.0
2025-10-15,1050853.8864953713,0.021518701708184373,0.0015999999999999999,0.019918701708184373,1.5999999999999999,20,XGB_Risk,conservative,10.0
2025-10-23,1050611.4424098558,0.0009728500522621086,0.001203561560904063,-0.00023071150864195427,1.2035615609040629,20,XGB_Risk,conservative,10.0
2025-10-30,1015770.5323391727,-0.03156250772099545,0.0016,-0.033162507720995445,1.6,20,XGB_Risk,conservative,10.0
2025-11-07,1065387.7638108341,0.04969808976677759,0.0008511997537347845,0.0488468900130428,0.8511997537347846,20,XGB_Risk,conservative,10.0
2025-11-14,1072789.5666816516,0.008147520069445635,0.0012000000000000001,0.0069475200694456354,1.2000000000000002,20,XGB_Risk,conservative,10.0
2025-11-21,1081331.8654913595,0.00876269750845049,0.0007999999999999998,0.00796269750845049,0.7999999999999998,20,XGB_Risk,conservative,10.0
2025-11-28,1081865.9141748506,0.0016938804640225236,0.0012,0.0004938804640225237,1.2,20,XGB_Risk,conservative,10.0
2025-12-05,1068544.6307067089,-0.011113248151737865,0.0011999999999999997,-0.012313248151737864,1.1999999999999997,20,XGB_Risk,conservative,10.0
2025-12-12,1066024.5453662514,-0.001558427779278504,0.0008,-0.002358427779278504,0.8,20,XGB_Risk,conservative,10.0
2025-01-01,1014945.5190207025,0.015945519020702514,0.001,0.014945519020702513,1.0,20,XGB_Risk,moderate,10.0
2025-01-08,991694.9591732238,-0.021620688579313097,0.0012874965515622537,-0.02290818513087535,1.2874965515622536,20,XGB_Risk,moderate,10.0
2025-01-15,979248.3688836106,-0.011038321958590558,0.0015125034484377458,-0.012550825407028303,1.5125034484377458,20,XGB_Risk,moderate,10.0
2025-01-22,951168.1363160623,-0.027475291641854915,0.0012000000000000008,-0.028675291641854915,1.2000000000000006,20,XGB_Risk,moderate,10.0
2025-01-29,998053.2739537681,0.05049216596688688,0.0012,0.04929216596688688,1.2,20,XGB_Risk,moderate,10.0
2025-02-04,955665.0066677579,-0.04167094658393322,0.0007999999999999999,-0.042470946583933224,0.7999999999999999,20,XGB_Risk,moderate,10.0
2025-02-11,944034.9532647161,-0.01096959219171778,0.0011999999999999997,-0.01216959219171778,1.1999999999999997,20,XGB_Risk,moderate,10.0
2025-02-18,931137.6262053313,-0.012861916875834378,0.0008,-0.013661916875834379,0.8,20,XGB_Risk,moderate,10.0
2025-02-25,930332.0367401426,0.000334833087487052,0.0012,-0.0008651669125129479,1.2,20,XGB_Risk,moderate,10.0
2025-03-05,938516.472404659,0.009197327557582957,0.00039999999999999996,0.008797327557582958,0.39999999999999997,20,XGB_Risk,moderate,10.0
2025-03-12,956091.6485669984,0.019526550549835653,0.0007999999999999996,0.018726550549835654,0.7999999999999996,20,XGB_Risk,moderate,10.0
2025-03-21,968505.3878595365,0.014183838224237189,0.0011999999999999997,0.012983838224237189,1.1999999999999997,20,XGB_Risk,moderate,10.0
2025-03-28,934328.1468363449,-0.03448864315223443,0.0007999999999999996,-0.035288643152234435,0.7999999999999996,20,XGB_Risk,moderate,10.0
2025-04-07,980859.3341240588,0.051401761239099564,0.0015999999999999999,0.049801761239099566,1.5999999999999999,20,XGB_Risk,moderate,10.0
2025-04-16,1015925.05507481,0.03694999975105118,0.0012000000000000003,0.03574999975105118,1.2000000000000004,20,XGB_Risk,moderate,10.0
2025-04-24,1018139.2338258262,0.003779470562278009,0.0016000000000000003,0.0021794705622780086,1.6000000000000003,20,XGB_Risk,moderate,10.0
2025-05-02,1018626.9717763001,0.0012790483798970076,0.0007999999999999996,0.000479048379897008,0.7999999999999996,20,XGB_Risk,moderate,10.0
2025-05-09,1038551.6302783985,0.0211603091751571,0.0016,0.0195603091751571,1.6,20,XGB_Risk,moderate,10.0
2025-05-16,1026040.802099776,-0.010846419083920589,0.0012000000000000001,-0.012046419083920588,1.2000000000000002,20,XGB_Risk,moderate,10.0
2025-05-23,1024404.1598431146,-0.0007951044571639088,0.0008000000000000006,-0.0015951044571639093,0.8000000000000005,20,XGB_Risk,moderate,10.0
2025-05-30,1026602.5656733884,0.00254603368128703,0.0004,0.0021460336812870297,0.4,20,XGB_Risk,moderate,10.0
2025-06-06,1018292.056566325,-0.0076951571571538535,0.0004,-0.008095157157153853,0.4,20,XGB_Risk,moderate,10.0
2025-06-13,1038116.9152204712,0.020668735444127506,0.0012,0.019468735444127507,1.2,20,XGB_Risk,moderate,10.0
2025-06-20,1063095.899845746,0.025261822188852534,0.0012000000000000008,0.024061822188852534,1.2000000000000006,20,XGB_Risk,moderate,10.0
2025-06-27,1053282.7169582997,-0.00803075979210377,0.001200000000000001,-0.009230759792103771,1.200000000000001,20,XGB_Risk,moderate,10.0
2025-07-04,1050087.7898720503,-0.0022333043871409775,0.0008,-0.0030333043871409774,0.8,20,XGB_Risk,moderate,10.0
2025-07-11,1046107.1232875593,-0.00219079408682199,0.0016,-0.00379079408682199,1.6,20,XGB_Risk,moderate,10.0
2025-07-18,1021410.3398494611,-0.022408273845306192,0.0012,-0.023608273845306192,1.2,20,XGB_Risk,moderate,10.0
2025-07-25,994703.7111452463,-0.024946816477451117,0.0012,-0.026146816477451117,1.2,20,XGB_Risk,moderate,10.0
2025-08-01,996596.9410082364,0.002703310344353893,0.0008000000000000012,0.0019033103443538918,0.8000000000000013,20,XGB_Risk,moderate,10.0
2025-08-08,1030747.1758400085,0.03506684693334794,0.0007999999999999996,0.03426684693334794,0.7999999999999996,20,XGB_Risk,moderate,10.0
2025-08-18,1037964.7417219287,0.007802265978597678,0.0008000000000000006,0.007002265978597677,0.8000000000000005,20,XGB_Risk,moderate,10.0
2025-08-25,1021643.0214368434,-0.014912103378943553,0.0008126314111884335,-0.015724734790131988,0.8126314111884335,20,XGB_Risk,moderate,10.0
2025-09-02,1010889.4658423911,-0.009725746634405064,0.0008000000000000006,-0.010525746634405064,0.8000000000000006,20,XGB_Risk,moderate,10.0
2025-09-09,1020846.3697627761,0.010249646530926748,0.0004000000000000003,0.009849646530926747,0.4000000000000003,20,XGB_Risk,moderate,10.0
2025-09-16,1009286.8840826106,-0.00972343320459823,0.0015999999999999999,-0.011323433204598232,1.5999999999999999,20,XGB_Risk,moderate,10.0
2025-09-23,984375.2125523727,-0.023082448492215635,0.0015999999999999999,-0.024682448492215635,1.5999999999999999,20,XGB_Risk,moderate,10.0
2025-09-30,1024794.0358530052,0.04226038305843893,0.0012,0.04106038305843893,1.2,20,XGB_Risk,moderate,10.0
2025-10-08,1035572.1081409312,0.011717305830097668,0.0011999999999999997,0.010517305830097669,1.1999999999999997,20,XGB_Risk,moderate,10.0
2025-10-15,1056302.8227074745,0.02161861039281865,0.0016000000000000012,0.02001861039281865,1.600000000000001,20,XGB_Risk,moderate,10.0
2025-10-23,1056045.889409214,0.0009728500522621086,0.0012160883478883721,-0.0002432382956262635,1.2160883478883722,20,XGB_Risk,moderate,10.0
2025-10-30,1021024.7594479554,-0.03156250772099545,0.0015999999999999999,-0.033162507720995445,1.5999999999999999,20,XGB_Risk,moderate,10.0
2025-11-07,1070594.2386810658,0.049348753371966536,0.0008000000000000004,0.048548753371966534,0.8000000000000004,20,XGB_Risk,moderate,10.0
2025-11-14,1078032.2136405353,0.008147520069445635,0.0012000000000000001,0.0069475200694456354,1.2000000000000002,20,XGB_Risk,moderate,10.0
2025-11-21,1086616.2580621203,0.00876269750845049,0.0008,0.00796269750845049,0.8,20,XGB_Risk,moderate,10.0
2025-11-28,1087152.9166038663,0.0016938804640225236,0.0011999999999999995,0.0004938804640225241,1.1999999999999995,20,XGB_Risk,moderate,10.0
2025-12-05,1073766.5329628373,-0.011113248151737865,0.0011999999999999997,-0.012313248151737864,1.1999999999999997,20,XGB_Risk,moderate,10.0
2025-12-12,1071234.132143038,-0.001558427779278504,0.0007999999999999999,-0.002358427779278504,0.7999999999999999,20,XGB_Risk,moderate,10.0
2025-01-01,1014945.5190207025,0.015945519020702514,0.001,0.014945519020702513,1.0,20,XGB_Risk,aggressive,10.0
2025-01-08,994112.3058897621,-0.019326434907601553,0.0012,-0.020526434907601553,1.2,20,XGB_Risk,aggressive,10.0
2025-01-15,981548.3945049304,-0.011038321958590558,0.0015999999999999999,-0.012638321958590559,1.5999999999999999,20,XGB_Risk,aggressive,10.0
2025-01-22,953402.2080319071,-0.027475291641854915,0.001200000000000001,-0.028675291641854915,1.2000000000000008,20,XGB_Risk,aggressive,10.0
2025-01-29,1000397.4679034117,0.05049216596688644,0.0012,0.04929216596688644,1.2,20,XGB_Risk,aggressive,10.0
2025-02-04,957909.6404813839,-0.04167094658393322,0.0008,-0.042470946583933224,0.8,20,XGB_Risk,aggressive,10.0
2025-02-11,946252.2708002104,-0.01096959219171778,0.0012000000000000001,-0.01216959219171778,1.2000000000000002,20,XGB_Risk,aggressive,10.0
2025-02-18,933324.6509329684,-0.012861916875834378,0.0008,-0.013661916875834379,0.8,20,XGB_Risk,aggressive,10.0
2025-02-25,932517.1693263482,0.00033483308748682994,0.0012,-0.00086516691251317,1.2,20,XGB_Risk,aggressive,10.0
2025-03-05,940720.8283179823,0.009197327557582957,0.00040000000000000045,0.008797327557582956,0.4000000000000004,20,XGB_Risk,aggressive,10.0
2025-03-12,958337.2844627623,0.019526550549835653,0.0007999999999999991,0.018726550549835654,0.7999999999999992,20,XGB_Risk,aggressive,10.0
2025-03-21,970780.1807284815,0.014183838224237189,0.0011999999999999997,0.012983838224237189,1.1999999999999997,20,XGB_Risk,aggressive,10.0
2025-03-28,936522.6653514925,-0.03448864315223443,0.0008000000000000004,-0.035288643152234435,0.8000000000000003,20,XGB_Risk,aggressive,10.0
2025-04-07,983163.1435263326,0.051401761239099564,0.0015999999999999999,0.049801761239099566,1.5999999999999999,20,XGB_Risk,aggressive,10.0
2025-04-16,1020120.8490529548,0.038790613287297715,0.0012000000000000001,0.037590613287297715,1.2000000000000002,20,XGB_Risk,aggressive,10.0
2025-04-24,1022344.1724134319,0.003779470562278231,0.0016,0.002179470562278231,1.6,20,XGB_Risk,aggressive,10.0
2025-05-02,1022833.9247329239,0.0012790483798970076,0.0007999999999999998,0.00047904837989700777,0.7999999999999998,20,XGB_Risk,aggressive,10.0
2025-05-09,1042840.8725355392,0.0211603091751571,0.0016,0.0195603091751571,1.6,20,XGB_Risk,aggressive,10.0
2025-05-16,1030278.3743471347,-0.010846419083920589,0.0012,-0.012046419083920588,1.2,20,XGB_Risk,aggressive,10.0
2025-05-23,1028634.972720094,-0.0007951044571639088,0.0008000000000000006,-0.0015951044571639093,0.8000000000000006,20,XGB_Risk,aggressive,10.0
2025-05-30,1030842.4580173012,0.00254603368128703,0.0004,0.0021460336812870297,0.4,20,XGB_Risk,aggressive,10.0
2025-06-06,1022497.6263153844,-0.0076951571571538535,0.0004,-0.008095157157153853,0.4,20,XGB_Risk,aggressive,10.0
2025-06-13,1042404.3620943669,0.020668735444127506,0.0012,0.019468735444127507,1.2,20,XGB_Risk,aggressive,10.0
2025-06-20,1067847.611324042,0.025608233651819523,0.0012,0.024408233651819523,1.2,20,XGB_Risk,aggressive,10.0
2025-06-27,1057990.566529338,-0.00803075979210377,0.0012,-0.00923075979210377,1.2,20,XGB_Risk,aggressive,10.0
2025-07-04,1053452.1940219514,-0.003489615286716985,0.0007999999999999999,-0.004289615286716985,0.7999999999999999,20,XGB_Risk,aggressive,10.0
2025-07-11,1049037.3927964945,-0.00219079408682199,0.002,-0.00419079408682199,2.0,20,XGB_Risk,aggressive,10.0
2025-07-18,1024271.4307533889,-0.022408273845306192,0.0012,-0.023608273845306192,1.2,20,XGB_Risk,aggressive,10.0
2025-07-25,997489.9936303837,-0.024946816477451117,0.0012,-0.026146816477451117,1.2,20,XGB_Risk,aggressive,10.0
2025-08-01,999388.5266536502,0.002703310344354115,0.0008,0.0019033103443541152,0.8,20,XGB_Risk,aggressive,10.0
2025-08-08,1033634.4203234351,0.03506684693334794,0.0008000000000000004,0.03426684693334794,0.8000000000000003,20,XGB_Risk,aggressive,10.0
2025-08-18,1040872.2034591738,0.0078022659785979,0.0008,0.0070022659785978995,0.8,20,XGB_Risk,aggressive,10.0
2025-08-25,1024490.699797163,-0.014938246835268898,0.0008000000000000009,-0.0157382468352689,0.8000000000000008,20,XGB_Risk,aggressive,10.0
2025-09-02,1013707.1702617938,-0.009725746634405064,0.0008000000000000004,-0.010525746634405064,0.8000000000000003,20,XGB_Risk,aggressive,10.0
2025-09-09,1023691.8275747384,0.010249646530926748,0.0004000000000000001,0.009849646530926749,0.4000000000000001,20,XGB_Risk,aggressive,10.0
2025-09-16,1012100.1215431028,-0.00972343320459823,0.0015999999999999999,-0.011323433204598232,1.5999999999999999,20,XGB_Risk,aggressive,10.0
2025-09-23,987119.0124241499,-0.023082448492215635,0.0016000000000000003,-0.024682448492215635,1.6000000000000003,20,XGB_Risk,aggressive,10.0
2025-09-30,1027650.4971985533,0.04226038305843893,0.0012000000000000001,0.04106038305843893,1.2000000000000002,20,XGB_Risk,aggressive,10.0
2025-10-08,1038458.6117640425,0.01171730583009789,0.0012000000000000001,0.01051730583009789,1.2000000000000002,20,XGB_Risk,aggressive,10.0
2025-10-15,1059765.3496397976,0.022117657260852353,0.0016,0.020517657260852352,1.6,20,XGB_Risk,aggressive,10.0
2025-10-23,1059441.1981656728,0.0009728500522621086,0.0012787210398679566,-0.000305870987605848,1.2787210398679565,20,XGB_Risk,aggressive,10.0
2025-10-30,1024307.4712515629,-0.03156250772099545,0.0016,-0.033162507720995445,1.6,20,XGB_Risk,aggressive,10.0
2025-11-07,1074036.3220504178,0.049348753371966536,0.0008000000000000007,0.048548753371966534,0.8000000000000007,20,XGB_Risk,aggressive,10.0
2025-11-14,1081498.2109531765,0.008147520069445635,0.0012000000000000003,0.006947520069445635,1.2000000000000004,20,XGB_Risk,aggressive,10.0
2025-11-21,1090109.8540629272,0.00876269750845049,0.0008000000000000004,0.00796269750845049,0.8000000000000004,20,XGB_Risk,aggressive,10.0
2025-11-28,1090648.2380234872,0.0016938804640225236,0.0012000000000000001,0.0004938804640225235,1.2000000000000002,20,XGB_Risk,aggressive,10.0
2025-12-05,1077218.8156224482,-0.011113248151737865,0.0012000000000000001,-0.012313248151737864,1.2000000000000002,20,XGB_Risk,aggressive,10.0
2025-12-12,1074678.2728433227,-0.001558427779278504,0.0008,-0.002358427779278504,0.8,20,XGB_Risk,aggressive,10.0
2025-01-01,1014945.5190207025,0.015945519020702514,0.001,0.014945519020702513,1.0,20,XGB_TurnoverAware,conservative,10.0
2025-01-08,998532.6759811088,-0.016171156709406498,0.0,-0.016171156709406498,0.0,20,XGB_TurnoverAware,conservative,10.0
2025-01-15,995825.6813883163,-0.0023109724678090915,0.0004000000000000002,-0.0027109724678090917,0.40000000000000013,20,XGB_TurnoverAware,conservative,10.0
2025-01-22,990359.4130960604,-0.005489181886367156,0.0,-0.005489181886367156,0.0,20,XGB_TurnoverAware,conservative,10.0
2025-01-29,1018612.4313058108,0.02852804530975872,0.0,0.02852804530975872,0.0,20,XGB_TurnoverAware,conservative,10.0
2025-02-04,965763.6945163322,-0.05188306677322707,0.0,-0.05188306677322707,0.0,20,XGB_TurnoverAware,conservative,10.0
2025-02-11,955842.2368264891,-0.010273173185301743,0.0,-0.010273173185301743,0.0,20,XGB_TurnoverAware,conservative,10.0
2025-02-18,938906.5625882626,-0.017718064326656013,0.0,-0.017718064326656013,0.0,20,XGB_TurnoverAware,conservative,10.0
2025-02-25,928464.5508256784,-0.010721459981916648,0.00040000000000000045,-0.011121459981916649,0.40000000000000047,20,XGB_TurnoverAware,conservative,10.0
2025-03-05,917978.524207304,-0.011293943806373274,1.6709266111658435e-10,-0.011293943973465935,1.6709266111658436e-07,20,XGB_TurnoverAware,conservative,10.0
2025-03-12,934199.2008364109,0.017669995775651204,1.7184342658747862e-11,0.01766999575846686,1.7184342658747863e-08,20,XGB_TurnoverAware,conservative,10.0
2025-03-21,937280.2740732686,0.0032980902082864194,1.0345031073066107e-14,0.0032980902082760744,1.0345031073066107e-11,20,XGB_TurnoverAware,conservative,10.0
2025-03-28,870091.4020196924,-0.07168493129734199,2.9892720280968714e-13,-0.07168493129764092,2.9892720280968713e-10,20,XGB_TurnoverAware,conservative,10.0
2025-04-07,906011.5828288916,0.04128322703814713,9.6908702552959e-11,0.04128322694123843,9.690870255295899e-08,20,XGB_TurnoverAware,conservative,10.0
2025-04-16,941575.6937680807,0.03925348374482662,1.0481459426061393e-14,0.03925348374481614,1.0481459426061393e-11,20,XGB_TurnoverAware,conservative,10.0
2025-04-24,949994.3791352304,0.00894106075278489,1.212607574159123e-10,0.008941060631524134,1.212607574159123e-07,20,XGB_TurnoverAware,conservative,10.0
2025-05-02,959120.4706682656,0.009606468978630822,1.095106352953192e-15,0.009606468978629728,1.095106352953192e-12,20,XGB_TurnoverAware,conservative,10.0
2025-05-09,999649.5430004689,0.0422564980853517,2.209607421349213e-13,0.04225649808513074,2.2096074213492128e-10,20,XGB_TurnoverAware,conservative,10.0
2025-05-16,988079.3926081003,-0.011365897318022955,0.000208309336081473,-0.011574206654104429,0.20830933608147298,20,XGB_TurnoverAware,conservative,10.0
2025-05-23,993301.3147608482,0.0052849216323818116,3.802638880245114e-12,0.005284921628579173,3.802638880245114e-09,20,XGB_TurnoverAware,conservative,10.0
2025-05-30,993142.7100853159,-0.00015967427967256143,3.624338439384612e-12,-0.00015967428329689986,3.624338439384612e-09,20,XGB_TurnoverAware,conservative,10.0
2025-06-06,985763.5696334463,-0.00743009048431742,2.538360884249655e-10,-0.007430090738153508,2.538360884249655e-07,20,XGB_TurnoverAware,conservative,10.0
2025-06-13,999116.357571639,0.013545629419534633,7.236978827745738e-11,0.013545629347164844,7.236978827745737e-08,20,XGB_TurnoverAware,conservative,10.0
2025-06-20,1012204.7682403498,0.013099988850700184,2.478219723202121e-09,0.01309998637248046,2.478219723202121e-06,20,XGB_TurnoverAware,conservative,10.0
2025-06-27,1016464.7596807561,0.004208626137073734,3.2412293440506847e-12,0.004208626133832505,3.2412293440506848e-09,20,XGB_TurnoverAware,conservative,10.0
2025-07-04,979768.3195642477,-0.036102028802047825,8.485017677606839e-11,-0.036102028886898,8.485017677606839e-08,20,XGB_TurnoverAware,conservative,10.0
2025-07-11,977426.5115822329,-0.002390164675698303,3.6153854161988096e-10,-0.0023901650372368448,3.6153854161988094e-07,20,XGB_TurnoverAware,conservative,10.0
2025-07-18,958357.2857817352,-0.019509625376669004,7.430777442315317e-10,-0.01950962611974675,7.430777442315317e-07,20,XGB_TurnoverAware,conservative,10.0
2025-07-25,942153.3388371137,-0.016507521379998558,0.0004005223997322109,-0.016908043779730767,0.40052239973221093,20,XGB_TurnoverAware,conservative,10.0
2025-08-01,941640.4369532882,-0.0005443931948254654,1.8766085263040522e-11,-0.0005443932135915507,1.876608526304052e-08,20,XGB_TurnoverAware,conservative,10.0
2025-08-08,954069.4935512637,0.01319936585453263,3.4825167194994924e-11,0.013199365819707463,3.4825167194994925e-08,20,XGB_TurnoverAware,conservative,10.0
2025-08-18,970209.5145667824,0.016917029671942974,9.600806154079582e-10,0.016917028711862358,9.600806154079582e-07,20,XGB_TurnoverAware,conservative,10.0
2025-08-25,960365.2873942279,-0.010146496167271923,5.3134685276661314e-11,-0.01014649622040661,5.313468527666131e-08,20,XGB_TurnoverAware,conservative,10.0
2025-09-02,955897.5584775988,-0.004652114042670186,8.02292645015707e-11,-0.00465211412289945,8.02292645015707e-08,20,XGB_TurnoverAware,conservative,10.0
2025-09-09,972707.0605483077,0.017585045530145837,1.8072095144604276e-11,0.01758504551207374,1.8072095144604275e-08,20,XGB_TurnoverAware,conservative,10.0
2025-09-16,967486.124329557,-0.0053674291353495995,1.8540224721535625e-12,-0.005367429137203622,1.8540224721535625e-09,20,XGB_TurnoverAware,conservative,10.0
2025-09-23,942054.1487599124,-0.026286655667247416,9.887002511162788e-10,-0.026286656655947666,9.887002511162787e-07,20,XGB_TurnoverAware,conservative,10.0
2025-09-30,966091.3875727925,0.025515772000014314,6.21465364355514e-11,0.025515771937867776,6.21465364355514e-08,20,XGB_TurnoverAware,conservative,10.0
2025-10-08,971998.326393115,0.006114265451921064,3.8724303657037424e-10,0.0061142650646780275,3.8724303657037427e-07,20,XGB_TurnoverAware,conservative,10.0
2025-10-15,1001968.8605759615,0.030833935994585504,3.043471138238983e-15,0.03083393599458246,3.0434711382389833e-12,20,XGB_TurnoverAware,conservative,10.0
2025-10-23,1007147.8873954719,0.005168850348593157,2.742173996679401e-10,0.005168850074375757,2.742173996679401e-07,20,XGB_TurnoverAware,conservative,10.0
2025-10-30,989795.7842031221,-0.017228952560124244,1.9246279680293423e-11,-0.017228952579370523,1.9246279680293425e-08,20,XGB_TurnoverAware,conservative,10.0
2025-11-07,1012190.4819907965,0.022625591630799358,1.7603219353647458e-08,0.022625574027580003,1.7603219353647456e-05,20,XGB_TurnoverAware,conservative,10.0
2025-11-14,1029287.9250542959,0.01689152724075682,3.545071267953855e-11,0.01689152720530611,3.545071267953855e-08,20,XGB_TurnoverAware,conservative,10.0
2025-11-21,1027697.0775374746,-0.0015455798313808167,8.347261717312954e-10,-0.0015455806661069883,8.347261717312953e-07,20,XGB_TurnoverAware,conservative,10.0
2025-11-28,1032159.4491744142,0.004342107945151108,8.41158503410955e-12,0.004342107936739523,8.41158503410955e-09,20,XGB_TurnoverAware,conservative,10.0
2025-12-05,1027807.0502840946,-0.004216781530740676,7.739367540314603e-09,-0.0042167892701082165,7.739367540314603e-06,20,XGB_TurnoverAware,conservative,10.0
2025-12-12,1040004.2208099676,0.01186717927509462,5.3000876202897494e-14,0.011867179275041618,5.300087620289749e-11,20,XGB_TurnoverAware,conservative,10.0
2025-01-01,1014945.5190207025,0.015945519020702514,0.001,0.014945519020702513,1.0,20,XGB_TurnoverAware,moderate,10.0
2025-01-08,998532.6759811089,-0.016171156709406387,0.0,-0.016171156709406387,0.0,20,XGB_TurnoverAware,moderate,10.0
2025-01-15,995825.6813883164,-0.0023109724678090915,0.0004000000000000002,-0.0027109724678090917,0.40000000000000013,20,XGB_TurnoverAware,moderate,10.0
2025-01-22,990359.4130960605,-0.005489181886367156,0.0,-0.005489181886367156,0.0,20,XGB_TurnoverAware,moderate,10.0
2025-01-29,1018612.4313058109,0.02852804530975872,0.0,0.02852804530975872,0.0,20,XGB_TurnoverAware,moderate,10.0
2025-02-04,965763.6945163324,-0.05188306677322707,0.0,-0.05188306677322707,0.0,20,XGB_TurnoverAware,moderate,10.0
2025-02-11,955842.2368264892,-0.010273173185301743,0.0,-0.010273173185301743,0.0,20,XGB_TurnoverAware,moderate,10.0
2025-02-18,938906.5625882627,-0.017718064326656013,0.0,-0.017718064326656013,0.0,20,XGB_TurnoverAware,moderate,10.0
2025-02-25,928412.2392442715,-0.01077717541036427,0.0004,-0.01117717541036427,0.4,20,XGB_TurnoverAware,moderate,10.0
2025-03-05,917112.6143045896,-0.012170913216659085,1.5785636707241996e-10,-0.012170913374515452,1.5785636707241996e-07,20,XGB_TurnoverAware,moderate,10.0
2025-03-12,933287.7057386766,0.017636974126428173,1.681784452340515e-11,0.017636974109610327,1.681784452340515e-08,20,XGB_TurnoverAware,moderate,10.0
2025-03-21,936291.6544097129,0.0032186737836288337,8.415194772762584e-15,0.0032186737836204186,8.415194772762584e-12,20,XGB_TurnoverAware,moderate,10.0
2025-03-28,869023.4058411209,-0.07184540015019236,2.569009985420196e-13,-0.07184540015044927,2.5690099854201964e-10,20,XGB_TurnoverAware,moderate,10.0
2025-04-07,904613.850663167,0.04095452971539659,8.728107724742765e-11,0.040954529628115514,8.728107724742766e-08,20,XGB_TurnoverAware,moderate,10.0
2025-04-16,940074.4331897462,0.039199690012032384,8.688643407086672e-15,0.0391996900120237,8.688643407086673e-12,20,XGB_TurnoverAware,moderate,10.0
2025-04-24,948095.2898403816,0.008532150875722122,2.635414924077854e-10,0.00853215061218063,2.6354149240778543e-07,20,XGB_TurnoverAware,moderate,10.0
2025-05-02,957387.4562732853,0.00980087817382791,1.9001479208619985e-15,0.00980087817382601,1.9001479208619984e-12,20,XGB_TurnoverAware,moderate,10.0
2025-05-09,997832.4613589613,0.042245179650987286,1.9917612659740494e-13,0.04224517965078811,1.991761265974049e-10,20,XGB_TurnoverAware,moderate,10.0
2025-05-16,986443.0281907964,-0.011218527004569268,0.00019564682642988587,-0.011414173830999153,0.19564682642988587,20,XGB_TurnoverAware,moderate,10.0
2025-05-23,991507.3318146146,0.0051339038160274075,2.944077666972454e-12,0.00513390381308333,2.944077666972454e-09,20,XGB_TurnoverAware,moderate,10.0
2025-05-30,991423.3791997534,-8.467170055515005e-05,2.988974227359014e-12,-8.467170354412427e-05,2.9889742273590144e-09,20,XGB_TurnoverAware,moderate,10.0
2025-06-06,984307.8625042675,-0.007177071473040031,2.450278760339634e-10,-0.007177071718067907,2.4502787603396336e-07,20,XGB_TurnoverAware,moderate,10.0
2025-06-13,998325.7389854923,0.014241353827640468,6.504780308077126e-11,0.014241353762592666,6.504780308077125e-08,20,XGB_TurnoverAware,moderate,10.0
2025-06-20,1010902.3883248729,0.012597743506066239,2.259645870336587e-09,0.01259774124642037,2.2596458703365873e-06,20,XGB_TurnoverAware,moderate,10.0
2025-06-27,1013500.698893214,0.0025702882902443047,2.9185382903025013e-12,0.0025702882873257665,2.9185382903025014e-09,20,XGB_TurnoverAware,moderate,10.0
2025-07-04,976441.8482556328,-0.03656519485220644,9.837528458401905e-11,-0.03656519495058173,9.837528458401906e-08,20,XGB_TurnoverAware,moderate,10.0
2025-07-11,972278.9003839564,-0.0042633837098597915,1.64085343214269e-09,-0.004263385350713224,1.64085343214269e-06,20,XGB_TurnoverAware,moderate,10.0
2025-07-18,954254.8314677101,-0.0185379602635779,1.3327587799969508e-09,-0.01853796159633668,1.3327587799969508e-06,20,XGB_TurnoverAware,moderate,10.0
2025-07-25,939530.1065416584,-0.01503059421602504,0.0004000061230940527,-0.015430600339119091,0.4000061230940527,20,XGB_TurnoverAware,moderate,10.0
2025-08-01,942669.084472009,0.003341008366003706,1.6729069674996973e-11,0.0033410083492746365,1.672906967499697e-08,20,XGB_TurnoverAware,moderate,10.0
2025-08-08,954798.2741753147,0.012866858514427593,3.449840208516913e-11,0.01286685847992919,3.449840208516913e-08,20,XGB_TurnoverAware,moderate,10.0
2025-08-18,970689.0776435904,0.016643101640593017,1.3145047866537765e-09,0.01664310032608823,1.3145047866537765e-06,20,XGB_TurnoverAware,moderate,10.0
2025-08-25,962096.317590756,-0.00885222697168686,1.9157442933410018e-11,-0.008852226990844304,1.9157442933410018e-08,20,XGB_TurnoverAware,moderate,10.0
2025-09-02,956417.2559612896,-0.005902799441888984,2.385227306554091e-11,-0.005902799465741257,2.385227306554091e-08,20,XGB_TurnoverAware,moderate,10.0
2025-09-09,971372.6013582011,0.015636841874024476,1.5007645601614235e-13,0.0156368418738744,1.5007645601614236e-10,20,XGB_TurnoverAware,moderate,10.0
2025-09-16,960563.0694019465,-0.011128100524491646,1.650932836747024e-12,-0.01112810052614258,1.6509328367470242e-09,20,XGB_TurnoverAware,moderate,10.0
2025-09-23,935315.6380729214,-0.026283991267392337,1.1292885977498776e-12,-0.026283991268521625,1.1292885977498776e-09,20,XGB_TurnoverAware,moderate,10.0
2025-09-30,964008.8316956513,0.03067755149104423,2.63346017984275e-11,0.03067755146470963,2.6334601798427496e-08,20,XGB_TurnoverAware,moderate,10.0
2025-10-08,968987.8353866651,0.005164894652594398,3.826363566694174e-10,0.005164894269958042,3.8263635666941734e-07,20,XGB_TurnoverAware,moderate,10.0
2025-10-15,1000528.0126403569,0.032549611152867364,2.993316260314652e-15,0.03254961115286437,2.993316260314652e-12,20,XGB_TurnoverAware,moderate,10.0
2025-10-23,1004408.0694584945,0.003878009473551103,2.932801485879656e-10,0.0038780091802709544,2.9328014858796564e-07,20,XGB_TurnoverAware,moderate,10.0
2025-10-30,984867.2776486103,-0.01945503265539983,1.913779069078585e-11,-0.01945503267453762,1.913779069078585e-08,20,XGB_TurnoverAware,moderate,10.0
2025-11-07,1008034.2891516832,0.023523019898895603,4.169782804746067e-08,0.023522978201067555,4.169782804746067e-05,20,XGB_TurnoverAware,moderate,10.0
2025-11-14,1025101.9867681358,0.016931663769659266,3.5466370980617866e-11,0.016931663734192897,3.5466370980617865e-08,20,XGB_TurnoverAware,moderate,10.0
2025-11-21,1023130.5871306834,-0.0019231244924041713,8.77460411500436e-10,-0.0019231253698645827,8.77460411500436e-07,20,XGB_TurnoverAware,moderate,10.0
2025-11-28,1024519.512057662,0.001357524596139914,9.885601138418411e-12,0.0013575245862543128,9.88560113841841e-09,20,XGB_TurnoverAware,moderate,10.0
2025-12-05,1023088.8243589654,-0.0013964402669744969,7.220709886593213e-09,-0.0013964474876843834,7.220709886593213e-06,20,XGB_TurnoverAware,moderate,10.0
2025-12-12,1033676.2295647542,0.010348471172551665,4.865242267904033e-14,0.010348471172503013,4.865242267904033e-11,20,XGB_TurnoverAware,moderate,10.0
2025-01-01,1014945.5190207025,0.015945519020702514,0.001,0.014945519020702513,1.0,20,XGB_TurnoverAware,aggressive,10.0
2025-01-08,998532.6759811088,-0.016171156709406498,0.0,-0.016171156709406498,0.0,20,XGB_TurnoverAware,aggressive,10.0
2025-01-15,995825.6813883163,-0.0023109724678090915,0.0004,-0.0027109724678090917,0.4,20,XGB_TurnoverAware,aggressive,10.0
2025-01-22,990359.4130960604,-0.005489181886367156,0.0,-0.005489181886367156,0.0,20,XGB_TurnoverAware,aggressive,10.0
2025-01-29,1018612.4313058108,0.02852804530975872,0.0,0.02852804530975872,0.0,20,XGB_TurnoverAware,aggressive,10.0
2025-02-04,965763.6945163322,-0.05188306677322707,0.0,-0.05188306677322707,0.0,20,XGB_TurnoverAware,aggressive,10.0
2025-02-11,955842.2368264891,-0.010273173185301743,0.0,-0.010273173185301743,0.0,20,XGB_TurnoverAware,aggressive,10.0
2025-02-18,938906.5625882626,-0.017718064326656013,0.0,-0.017718064326656013,0.0,20,XGB_TurnoverAware,aggressive,10.0
2025-02-25,928425.6684266495,-0.010762872408432878,0.0004,-0.011162872408432877,0.4,20,XGB_TurnoverAware,aggressive,10.0
2025-03-05,917334.6999172637,-0.011945994972321627,1.5314812998305366e-10,-0.011945995125469757,1.5314812998305366e-07,20,XGB_TurnoverAware,aggressive,10.0
2025-03-12,933521.480886389,0.01764544716977312,1.6640007347785954e-11,0.017645447153133112,1.6640007347785952e-08,20,XGB_TurnoverAware,aggressive,10.0
2025-03-21,936545.2068710006,0.003239053462109398,7.612950087969466e-15,0.003239053462101785,7.612950087969466e-12,20,XGB_TurnoverAware,aggressive,10.0
2025-03-28,869297.2964696194,-0.07180423316225693,2.366665680307061e-13,-0.0718042331624936,2.366665680307061e-10,20,XGB_TurnoverAware,aggressive,10.0
2025-04-07,904972.2525971186,0.04103884406918512,8.291947491616992e-11,0.041038843986265644,8.291947491616992e-08,20,XGB_TurnoverAware,aggressive,10.0
2025-04-16,940459.3786414518,0.03921349626189996,7.851507391360863e-15,0.039213496261892106,7.851507391360863e-12,20,XGB_TurnoverAware,aggressive,10.0
2025-04-24,948582.1707740001,0.008637047459323588,1.6411543101871476e-10,0.008637047295208157,1.6411543101871476e-07,20,XGB_TurnoverAware,aggressive,10.0
2025-05-02,957831.8006155768,0.009751005370499888,1.0559987593828966e-15,0.009751005370498831,1.0559987593828967e-12,20,XGB_TurnoverAware,aggressive,10.0
2025-05-09,998298.36728312,0.042248092662736436,1.8727504814555627e-13,0.04224809266254916,1.8727504814555627e-10,20,XGB_TurnoverAware,aggressive,10.0
2025-05-16,986835.9328325058,-0.011273945283670428,0.00020802726709057847,-0.011481972550761006,0.20802726709057845,20,XGB_TurnoverAware,aggressive,10.0
2025-05-23,991699.0249320192,0.004927964153332853,2.742009392786441e-12,0.004927964150590844,2.742009392786441e-09,20,XGB_TurnoverAware,aggressive,10.0
2025-05-30,991659.1806327783,-4.0177811774011474e-05,2.50146145245248e-12,-4.017781427547293e-05,2.50146145245248e-09,20,XGB_TurnoverAware,aggressive,10.0
2025-06-06,984639.2845757966,-0.00707893998909348,2.295634454960198e-10,-0.007078940218656926,2.2956344549601982e-07,20,XGB_TurnoverAware,aggressive,10.0
2025-06-13,998815.9076397385,0.014397783377219087,6.10176449828856e-11,0.01439778331620144,6.10176449828856e-08,20,XGB_TurnoverAware,aggressive,10.0
2025-06-20,1011465.0241663294,0.012664114125796377,2.1209310769657298e-09,0.0126641120048653,2.1209310769657298e-06,20,XGB_TurnoverAware,aggressive,10.0
2025-06-27,1014026.3352520341,0.0025322784540648957,2.0088239928522663e-12,0.0025322784520560716,2.0088239928522663e-09,20,XGB_TurnoverAware,aggressive,10.0
2025-07-04,976878.8338828111,-0.036633665241883606,5.635548606378561e-11,-0.03663366529823909,5.6355486063785604e-08,20,XGB_TurnoverAware,aggressive,10.0
2025-07-11,972582.5913917009,-0.004397926093158588,1.6150648941580474e-09,-0.004397927708223483,1.6150648941580476e-06,20,XGB_TurnoverAware,aggressive,10.0
2025-07-18,954575.3724893879,-0.018514846788331485,1.2684756094475778e-09,-0.018514848056807094,1.2684756094475779e-06,20,XGB_TurnoverAware,aggressive,10.0
2025-07-25,941254.1469800632,-0.013555076995625637,0.00040005519533476433,-0.0139551321909604,0.40005519533476436,20,XGB_TurnoverAware,aggressive,10.0
2025-08-01,947267.4449229814,0.006388601819768747,1.4176210659659784e-11,0.006388601805592536,1.4176210659659785e-08,20,XGB_TurnoverAware,aggressive,10.0
2025-08-08,961027.2465283229,0.014525783298230621,2.6474343186581318e-11,0.014525783271756278,2.6474343186581317e-08,20,XGB_TurnoverAware,aggressive,10.0
2025-08-18,970739.3591357529,0.010105971008742998,9.204706153755202e-10,0.010105970088272383,9.204706153755202e-07,20,XGB_TurnoverAware,aggressive,10.0
2025-08-25,962533.777498693,-0.008452919427268335,5.0896647259185e-11,-0.008452919478164983,5.0896647259185e-08,20,XGB_TurnoverAware,aggressive,10.0
2025-09-02,957028.9651483792,-0.0057190847758016305,8.023214073100685e-11,-0.005719084856033771,8.023214073100686e-08,20,XGB_TurnoverAware,aggressive,10.0
2025-09-09,974243.1381686529,0.017987097215925507,1.4949088452920865e-11,0.01798709720097642,1.4949088452920864e-08,20,XGB_TurnoverAware,aggressive,10.0
2025-09-16,968336.9070241902,-0.006062379001411156,1.3960563682207352e-12,-0.006062379002807212,1.3960563682207351e-09,20,XGB_TurnoverAware,aggressive,10.0
2025-09-23,945981.8463080294,-0.02308603584873925,1.7240182424030063e-10,-0.023086036021141076,1.7240182424030063e-07,20,XGB_TurnoverAware,aggressive,10.0
2025-09-30,970266.1430023146,0.02567099658669636,5.641229628281245e-11,0.025670996530284065,5.641229628281245e-08,20,XGB_TurnoverAware,aggressive,10.0
2025-10-08,979085.2510732694,0.009089370416673237,3.149136385359117e-10,0.009089370101759598,3.149136385359117e-07,20,XGB_TurnoverAware,aggressive,10.0
2025-10-15,1009900.1968033203,0.03147319980182983,2.835902293708377e-15,0.031473199801826994,2.8359022937083768e-12,20,XGB_TurnoverAware,aggressive,10.0
2025-10-23,1016720.843234958,0.006753782901539163,2.473448850730037e-10,0.006753782654194278,2.473448850730037e-07,20,XGB_TurnoverAware,aggressive,10.0
2025-10-30,999604.1732850466,-0.016835171664734916,1.8625412120135152e-11,-0.01683517168336033,1.862541212013515e-08,20,XGB_TurnoverAware,aggressive,10.0
2025-11-07,1022734.9790266757,0.023139980380934233,1.5222912460555545e-08,0.02313996515802177,1.5222912460555546e-05,20,XGB_TurnoverAware,aggressive,10.0
2025-11-14,1038088.2276297896,0.015011952222869551,3.783204358688923e-11,0.015011952185037508,3.7832043586889225e-08,20,XGB_TurnoverAware,aggressive,10.0
2025-11-21,1035852.3310357999,-0.002153859022310356,8.659717669769396e-10,-0.002153859888282123,8.659717669769395e-07,20,XGB_TurnoverAware,aggressive,10.0
2025-11-28,1034079.2457428417,-0.0017117162649680218,9.479305764723192e-12,-0.0017117162744473276,9.479305764723192e-09,20,XGB_TurnoverAware,aggressive,10.0
2025-12-05,1032551.0517261805,-0.0014778232905573452,7.371795281480321e-09,-0.0014778306623526266,7.371795281480321e-06,20,XGB_TurnoverAware,aggressive,10.0
2025-12-12,1042634.5039722521,0.009765572587680849,4.514229811323721e-14,0.009765572587635706,4.514229811323721e-11,20,XGB_TurnoverAware,aggressive,10.0
