Date,PortfolioValue,GrossReturn,TransactionCost,NetReturn,Turnover,NStocks
2022-01-03,1028749.2479378253,0.02974924793782539,0.001,0.02874924793782539,1.0,10
2022-01-10,1020235.9674659885,-0.007274971402365739,0.0010003984109313994,-0.008275369813297137,1.0003984109313993,10
2022-01-17,994351.0067021804,-0.024271100186939926,0.0011004428572636818,-0.025371543044203606,1.100442857263682,10
2022-01-24,1033250.6280552737,0.0399039964957884,0.000783383059587467,0.039120613436200935,0.783383059587467,10
2022-02-01,1022147.8667356384,-0.009623260390026556,0.001122207377587893,-0.01074546776761445,1.1222073775878931,10
2022-02-08,1018148.1889425144,-0.0025385616210612887,0.0013744512837128738,-0.003913012904774162,1.3744512837128737,10
2022-02-15,984500.3438371321,-0.03171729660398209,0.0013307856602806226,-0.033048082264262715,1.3307856602806227,10
2022-02-22,949393.8809877018,-0.03479107542257119,0.0008680922650716141,-0.0356591676876428,0.8680922650716141,10
2022-03-02,961335.472401164,0.01330992134572718,0.0007318000279040842,0.012578121317823095,0.7318000279040843,10
2022-03-09,993537.5789388942,0.034851384145709825,0.001354121782866017,0.03349726236284381,1.354121782866017,10
2022-03-16,996680.6509792154,0.003915953353074844,0.0007524373402452822,0.003163516012829562,0.7524373402452821,10
2022-03-24,1036671.2255524109,0.041116091222046104,0.0009923318875934384,0.04012375933445267,0.9923318875934384,10
2022-03-31,1028874.3502457745,-0.006164519615120371,0.0013565488919000692,-0.00752106850702044,1.3565488919000692,10
2022-04-07,1009756.5413565853,-0.017401545840574816,0.0011797404793945454,-0.018581286319969362,1.1797404793945454,10
2022-04-18,1011325.8870280056,0.0024286360937459204,0.0008744538655111142,0.0015541822282348061,0.8744538655111143,10
2022-04-25,990350.861270474,-0.019982517795721053,0.0007576076441319559,-0.02074012543985301,0.7576076441319558,10
2022-05-02,969357.0638900219,-0.020154432607767284,0.0010439105264227922,-0.021198343134190077,1.0439105264227924,10
2022-05-10,974365.7307192435,0.006358506737596363,0.0011915078928964027,0.00516699884469996,1.1915078928964027,10
2022-05-17,988815.069287725,0.01577060622644586,0.0009411247361479205,0.014829481490297941,0.9411247361479205,10
2022-05-24,998728.0361282123,0.011014719330587825,0.000989622476402475,0.01002509685418535,0.989622476402475,10
2022-05-31,976129.878901989,-0.021221128678273256,0.0014058091954546644,-0.02262693787372792,1.4058091954546643,10
2022-06-07,932836.3123402774,-0.04294327636936839,0.0014089840187788683,-0.04435226038814726,1.4089840187788683,10
2022-06-14,936930.3577492682,0.005100499466351802,0.000711685100067316,0.004388814366284487,0.711685100067316,10
2022-06-21,932527.8084590599,-0.003173814163362116,0.0015250935556537575,-0.004698907719015873,1.5250935556537575,10
2022-06-28,970403.664529331,0.041790285260640686,0.0011739564748446491,0.04061632878579604,1.1739564748446492,10
2022-07-05,986993.9526048348,0.018006623883866674,0.0009103487131103346,0.01709627517075634,0.9103487131103347,10
2022-07-12,1016178.3069589694,0.030526536197181785,0.0009576069478053347,0.02956892924937645,0.9576069478053347,10
2022-07-19,1028047.0569629598,0.012951501131964872,0.0012717103681678765,0.011679790763796995,1.2717103681678765,10
2022-07-26,1058688.1798523318,0.03059102553635574,0.0007858501002318542,0.029805175436123883,0.7858501002318542,10
2022-08-02,1063626.7508905777,0.005715226699157881,0.0010504244162660747,0.004664802282891806,1.0504244162660747,10
2022-08-10,1056002.8838036016,-0.005962018130932477,0.0012057849358789445,-0.007167803066811421,1.2057849358789445,10
2022-08-18,1064973.345090515,0.009738437291835603,0.0012437054833364467,0.008494731808499157,1.2437054833364467,10
2022-08-25,1080952.4144185123,0.01594234428648265,0.000938147794936507,0.015004196491546143,0.9381477949365071,10
2022-09-02,1097374.5058783912,0.01611159417412942,0.0009193514437099724,0.015192242730419447,0.9193514437099725,10
2022-09-09,1091987.8562170705,-0.004306177749983891,0.0006024925649046687,-0.00490867031488856,0.6024925649046686,10
2022-09-16,1064523.857273482,-0.024151525710090088,0.0009989361629300436,-0.02515046187302013,0.9989361629300437,10
2022-09-23,1078370.7831752514,0.013773851930889347,0.0007662280930968565,0.013007623837792491,0.7662280930968565,10
2022-09-30,1078060.0252949358,0.0011749440494595344,0.0014631175470765292,-0.0002881734976169948,1.4631175470765292,10
2022-10-10,1106021.2957569947,0.027179568110793792,0.0012429135591057218,0.02593665455168807,1.2429135591057219,10
2022-10-17,1128249.4174595268,0.02106596586723993,0.0009685936124692674,0.020097372254770665,0.9685936124692675,10
2022-10-24,1132350.2712687482,0.00496032152812213,0.0013256165189626926,0.0036347050091594378,1.3256165189626927,10
2022-11-01,1139296.4613603302,0.007212651633218166,0.0010783394262727042,0.006134312206945462,1.0783394262727042,10
2022-11-09,1147299.088528379,0.008215047298541927,0.0011908640069571237,0.007024183291584803,1.1908640069571237,10
2022-11-16,1157541.6218125715,0.010024464562294957,0.001096946544887512,0.008927518017407446,1.096946544887512,10
2022-11-23,1173768.1369755964,0.014997764639589241,0.0009796810931710993,0.014018083546418142,0.9796810931710993,10
2022-11-30,1170002.231236407,-0.0016927118752411516,0.0015156779426089052,-0.0032083898178500566,1.5156779426089053,10
2022-12-07,1159900.550154327,-0.007864746507740175,0.0007691524818412447,-0.00863389898958142,0.7691524818412446,10
2022-12-14,1138000.0570583632,-0.018031939817461845,0.0008494143581610184,-0.018881354175622863,0.8494143581610183,10
2022-12-21,1150057.3193710758,0.011790474690640236,0.001195341379417414,0.010595133311222821,1.1953413794174141,10
2022-12-28,1131847.6436841397,-0.015100587300867236,0.0007331240978778606,-0.015833711398745096,0.7331240978778606,10
2023-01-04,1128641.6216433132,-0.0020313439427017475,0.0008012122398521183,-0.002832556182553866,0.8012122398521183,10
2023-01-11,1139214.7575309877,0.010387309952137477,0.001019291189653819,0.009368018762483658,1.019291189653819,10
2023-01-18,1128729.7983332279,-0.008382119147470736,0.0008215530560773715,-0.009203672203548107,0.8215530560773714,10
2023-01-25,1160167.7597177941,0.028655198901788463,0.0008026858991283321,0.02785251300266013,0.8026858991283321,10
2023-02-02,1175794.6587358422,0.014617997847409962,0.0011484811441968867,0.013469516703213075,1.1484811441968867,10
2023-02-09,1178259.1088325998,0.0033722797848742573,0.0012762929742116719,0.0020959868106625854,1.276292974211672,10
2023-02-16,1167224.1681256702,-0.008405256272055451,0.0009602055556598612,-0.009365461827715311,0.9602055556598612,10
2023-02-23,1172742.5870499858,0.005633055917300984,0.000905241779270357,0.004727814138030627,0.905241779270357,10
2023-03-02,1144849.8909249657,-0.02286318390660841,0.0009209750665757213,-0.02378415897318413,0.9209750665757213,10
2023-03-10,1146128.7345857122,0.0019357053828873124,0.0008186649124433845,0.0011170404704439279,0.8186649124433846,10
2023-03-17,1143165.5675134545,-0.0015269621636765172,0.0010584080332663559,-0.002585370196942873,1.058408033266356,10
2023-03-24,1169185.668010877,0.02402957680516807,0.0012681315369906887,0.02276144526817738,1.2681315369906887,10
2023-04-03,1178565.3817586587,0.008724988307248226,0.0007025552545583079,0.008022433052689919,0.7025552545583079,10
2023-04-12,1176662.2727438547,-0.0006792708371951808,0.0009354966116535856,-0.0016147674488487663,0.9354966116535856,10
2023-04-20,1203899.7396714897,0.02391087677088751,0.0007628014407250791,0.023148075330162433,0.762801440725079,10
2023-04-27,1211501.7756096055,0.007180840456833846,0.0008663312933131342,0.006314509163520712,0.8663312933131343,10
2023-05-05,1210410.044742633,1.920579174709161e-05,0.0009203442704119066,-0.000901138478664815,0.9203442704119066,10
2023-05-12,1200304.4849342667,-0.007701680335926694,0.0006471927193320748,-0.00834887305525877,0.6471927193320748,10
2023-05-19,1229062.2470688669,0.025164154875204466,0.0012054323214226662,0.0239587225537818,1.2054323214226663,10
2023-05-26,1231478.45449193,0.0028129442420586634,0.0008470491632490456,0.0019658950788096177,0.8470491632490456,10
2023-06-02,1227864.322567849,-0.0017942833145093437,0.0011405077172770548,-0.0029347910317863986,1.1405077172770548,10
2023-06-09,1235631.24067797,0.00731605478948852,0.000990504020265055,0.006325550769223465,0.9905040202650548,10
2023-06-16,1237072.33210659,0.0018285258985520825,0.00066224636370533,0.0011662795348467525,0.66224636370533,10
2023-06-23,1275699.5210097013,0.03232493409829682,0.00110025313131273,0.03122468096698409,1.10025313131273,10
2023-07-03,1275621.6858551532,0.0007909983082923912,0.0008520120135311171,-6.101370523872588e-05,0.852012013531117,10
2023-07-10,1295037.9662845545,0.01640815747523207,0.0011871239629451312,0.015221033512286937,1.1871239629451311,10
2023-07-17,1291186.3588366087,-0.0016722158240985371,0.0013019112271691743,-0.0029741270512677115,1.3019112271691742,10
2023-07-24,1289268.6734817203,-0.0005438857497929613,0.000941326157662701,-0.0014852119074556622,0.941326157662701,10
2023-07-31,1274451.9809751022,-0.01050037797829577,0.0009919453918246664,-0.011492323370120437,0.9919453918246663,10
2023-08-07,1270134.6826250262,-0.0027313715906169727,0.0006562008048315921,-0.0033875723954485647,0.6562008048315922,10
2023-08-14,1276931.405663299,0.006435503262593014,0.0010843203280196158,0.005351182934573398,1.0843203280196156,10
2023-08-22,1273828.0137731133,-0.0012992866135695183,0.00113106467736266,-0.0024303512909321784,1.13106467736266,10
2023-08-29,1289629.818259687,0.013547558884868796,0.0011425840250615272,0.012404974859807268,1.1425840250615271,10
2023-09-05,1317970.8206777005,0.022917445920013515,0.0009413702921571683,0.021976075627856348,0.9413702921571684,10
2023-09-12,1307895.1577957913,-0.006999286651602749,0.0006455433581604867,-0.007644830009763235,0.6455433581604867,10
2023-09-20,1295323.0412082279,-0.008690889050753206,0.00092159136300664,-0.009612480413759845,0.9215913630066399,10
2023-09-27,1296970.772193038,0.002443304192804688,0.0011712423731730858,0.001272061819631602,1.1712423731730859,10
2023-10-05,1305893.1679123049,0.007353701937112033,0.0004742903801498163,0.006879411556962216,0.4742903801498163,10
2023-10-12,1273553.035758466,-0.02387159401584257,0.0008931669527289261,-0.024764760968571498,0.8931669527289261,10
2023-10-19,1273116.8224572255,0.00041940018625457974,0.0007619169790323315,-0.00034251679277775177,0.7619169790323315,10
2023-10-27,1298551.0976075889,0.02067281988332179,0.0006948613003278908,0.0199779585829939,0.6948613003278907,10
2023-11-03,1312421.8169146276,0.011312205248672049,0.0006305159931674068,0.010681689255504641,0.6305159931674068,10
2023-11-10,1315898.5435193072,0.0032796751604440657,0.000630582803191805,0.002649092357252261,0.630582803191805,10
2023-11-20,1338441.7023158076,0.01785815069854143,0.0007267700860133816,0.017131380612528047,0.7267700860133817,10
2023-11-28,1378572.5539024773,0.030864206024911828,0.0008809415187072649,0.029983264506204563,0.8809415187072649,10
2023-12-05,1379973.0228304027,0.0017150007355236634,0.0006991173683689812,0.001015883367154682,0.6991173683689812,10
2023-12-12,1394711.6169285183,0.011358082058347246,0.0006777326208736571,0.010680349437473589,0.677732620873657,10
2023-12-19,1415080.5646583436,0.015714807330368244,0.001110391992749984,0.01460441533761826,1.1103919927499841,10
2023-12-27,1408889.6859418186,-0.004001651038258236,0.0003732791750047104,-0.004374930213262946,0.3732791750047104,10
2024-01-03,1411849.2669931522,0.0033491467706604477,0.0012484989478643636,0.002100647822796084,1.2484989478643636,10
2024-01-10,1377707.7954288095,-0.02308998790924387,0.0010921060029869467,-0.024182093912230817,1.0921060029869467,10
2024-01-17,1388111.9604671637,0.008435520133921166,0.0008837264423451811,0.007551793691575985,0.8837264423451812,10
2024-01-25,1392128.547318656,0.003961698501981488,0.0010681373441765911,0.002893561157804897,1.0681373441765911,10
2024-02-02,1391108.6318008557,0.00036736130860051653,0.001099991581691869,-0.0007326302730913524,1.099991581691869,10
2024-02-09,1418625.209700029,0.021080131540776176,0.0012998086600593225,0.019780322880716853,1.2998086600593224,10
2024-02-16,1417762.0382465476,0.000735148331884578,0.0013436046370308133,-0.0006084563051462353,1.3436046370308135,10
2024-02-23,1451776.9204563454,0.024912192466048772,0.0009202380391503513,0.023991954426898422,0.9202380391503513,10
2024-03-01,1443403.8740561,-0.004835817456980746,0.0009316295124982718,-0.005767446969479018,0.9316295124982718,10
2024-03-11,1416298.9331588047,-0.017240510816027736,0.001537976192689927,-0.018778487008717662,1.5379761926899271,10
2024-03-18,1455103.1689856194,0.028181762598409137,0.0007834253418325048,0.027398337256576633,0.7834253418325049,10
2024-03-26,1491902.888469739,0.0265252332772794,0.0012351230854547523,0.025290110191824648,1.2351230854547524,10
2024-04-03,1479202.940312041,-0.007453515646919163,0.0010590680177753084,-0.008512583664694472,1.0590680177753085,10
2024-04-10,1471206.048066525,-0.004379871242646646,0.0010263458676498588,-0.005406217110296505,1.0263458676498587,10
2024-04-19,1483551.4553559865,0.009482773924897023,0.0010914222813350127,0.008391351643562011,1.0914222813350127,10
2024-04-26,1469625.6200758542,-0.00891404138339997,0.0004727818574498518,-0.009386823240849822,0.47278185744985185,10
2024-05-06,1481913.5965091574,0.009502934234389351,0.0011416371356975535,0.008361297098691798,1.1416371356975534,10
2024-05-13,1517854.439961701,0.025199419344606844,0.0009464240706536451,0.0242529952739532,0.9464240706536451,10
2024-05-21,1496263.1976647412,-0.013136667106426284,0.0010881766786633175,-0.014224843785089602,1.0881766786633176,10
2024-05-28,1504719.8641260655,0.006619593070673119,0.0009677355134447604,0.005651857557228359,0.9677355134447604,10
2024-06-04,1554794.3011950129,0.03484636001491795,0.0015681145004079245,0.03327824551451002,1.5681145004079244,10
2024-06-11,1568662.879855141,0.010552219662798477,0.001632339618557987,0.008919880044240491,1.632339618557987,10
2024-06-19,1606493.6096585924,0.024973036951739344,0.0008564913961098746,0.02411654555562947,0.8564913961098747,10
2024-06-26,1629035.9848839599,0.014524882333171675,0.0004928469177566534,0.014032035415415022,0.49284691775665335,10
2024-07-03,1657877.30157935,0.018521801524964854,0.0008172713838185297,0.017704530141146323,0.8172713838185297,10
2024-07-10,1673054.7040179342,0.010234458930050132,0.0010797389612527512,0.009154719968797381,1.0797389612527513,10
2024-07-18,1730565.3758677137,0.034806753492287755,0.0004321023158113393,0.034374651176476416,0.4321023158113393,10
2024-07-25,1734118.540034112,0.0031242555754654117,0.0010710744498367095,0.002053181125628702,1.0710744498367095,10
2024-08-01,1720346.9152585887,-0.007069347580955109,0.0008722229965973838,-0.007941570577552492,0.8722229965973839,10
2024-08-08,1746798.3665929395,0.016332460188048608,0.0009568106026423024,0.015375649585406305,0.9568106026423023,10
2024-08-16,1775217.3233994653,0.017101660824874156,0.0008324924136649051,0.01626916841120925,0.832492413664905,10
2024-08-23,1783112.2481939166,0.0052490663133963516,0.000801765867199309,0.004447300446197042,0.801765867199309,10
2024-08-30,1750409.294168802,-0.017613814298258458,0.0007265644738793795,-0.018340378772137837,0.7265644738793795,10
2024-09-06,1776661.3797378687,0.015726886196887817,0.0007292021372102657,0.014997684059677552,0.7292021372102657,10
2024-09-13,1830536.1842902864,0.030928049284263306,0.0006044292816905319,0.030323620002572774,0.6044292816905319,10
2024-09-20,1827788.9190407197,-0.0008197588167259984,0.0006810392954029887,-0.001500798112128987,0.6810392954029887,10
2024-09-27,1775255.9490349276,-0.027953386865679945,0.0007878804976012282,-0.028741267363281173,0.7878804976012281,10
2024-10-07,1784596.6594237352,0.0064742203938259295,0.0012126070507553696,0.00526161334307056,1.2126070507553695,10
2024-10-14,1733616.4413511476,-0.027631081044548107,0.0009357202006417677,-0.028566801245189875,0.9357202006417675,10
2024-10-21,1736637.2526275697,0.0027878008173279362,0.0010453096847058197,0.0017424911326221165,1.0453096847058199,10
2024-10-28,1728137.545162036,-0.0037896232079968452,0.0011047250231455185,-0.004894348231142364,1.1047250231455183,10
2024-11-04,1706921.498213271,-0.011452936638041785,0.000823891099518727,-0.012276827737560512,0.8238910995187271,10
2024-11-11,1702646.5803897665,-0.0012886015276888328,0.001215859180070325,-0.0025044607077591577,1.2158591800703251,10
2024-11-19,1716615.9974476907,0.008992875057672411,0.0007883438185903198,0.008204531239082092,0.7883438185903199,10
2024-11-27,1726048.6065523871,0.006234941290151379,0.0007400553525154163,0.005494885937635963,0.7400553525154162,10
2024-12-04,1705944.597064887,-0.01091333465825247,0.0007340832714521768,-0.011647417929704647,0.7340832714521768,10
2024-12-11,1648789.8466492074,-0.03280524059654832,0.0006980458020928464,-0.03350328639864116,0.6980458020928463,10
2024-12-18,1641377.5010840478,-0.0036061794196372873,0.0008894484374990094,-0.004495627857136296,0.8894484374990095,10
2024-12-26,1652857.363044449,0.007805011821025952,0.0008109705643260321,0.0069940412566999195,0.8109705643260322,10
2025-01-02,1590086.8498500113,-0.03691921255388248,0.001057756661911612,-0.03797696921579409,1.057756661911612,10
2025-01-09,1585876.7994966488,-0.0013204768177079934,0.0013272089698700338,-0.0026476857875780274,1.3272089698700338,10
2025-01-16,1558706.2553028588,-0.015955402229306522,0.0011774193129557148,-0.017132821542262238,1.1774193129557147,10
2025-01-23,1576934.8733128926,0.01262786658271755,0.0009331563395152759,0.011694710243202273,0.933156339515276,10
2025-01-30,1566340.4165932545,-0.006061199971683789,0.0006571857390594995,-0.006718385710743288,0.6571857390594995,10
2025-02-05,1530453.8499092225,-0.021720144215217927,0.0011909460585580959,-0.022911090273776025,1.190946058558096,10
2025-02-12,1513271.3318734204,-0.010184387188491701,0.0010426864255354271,-0.011227073614027128,1.0426864255354271,10
2025-02-19,1483103.318671943,-0.01916064441503369,0.0007749828357182254,-0.019935627250751913,0.7749828357182255,10
2025-02-27,1504652.5375700726,0.01549503627133612,0.0009652198877911484,0.014529816383544973,0.9652198877911484,10
2025-03-06,1516180.6050949385,0.008280326619775354,0.0006187122357108534,0.0076616143840645004,0.6187122357108533,10
2025-03-13,1587729.0109279782,0.0480159749838667,0.0008260784816886881,0.04718989650217801,0.8260784816886881,10
2025-03-24,1559068.3852113339,-0.01673417273549142,0.0013171606591746603,-0.01805133339466608,1.3171606591746603,10
2025-04-01,1555589.0087211507,-0.0012445334464341086,0.0009871688465423229,-0.0022317022929764316,0.9871688465423228,10
2025-04-08,1606682.6562664004,0.034023787792824285,0.0011785778698935922,0.03284520992293069,1.178577869893592,10
2025-04-17,1626672.2970256798,0.013323203002201845,0.0008816417011472875,0.012441561301054558,0.8816417011472876,10
2025-04-25,1620297.6905822256,-0.0027909040346042408,0.001127897837850408,-0.003918801872454649,1.127897837850408,10
2025-05-05,1637633.5768912253,0.011633516656904552,0.00093431834923404,0.010699198307670512,0.93431834923404,10
2025-05-12,1628266.1657881394,-0.004437142527367228,0.0012829472627238151,-0.005720089790091043,1.2829472627238152,10
2025-05-19,1624808.8330784647,-0.0008267572032422498,0.0012965643901909872,-0.002123321593433237,1.2965643901909871,10
2025-05-26,1606728.5713979865,-0.010332258175330813,0.000795365771802972,-0.011127623947133784,0.7953657718029721,10
2025-06-02,1624611.1981398615,0.012033330232001076,0.0009034934566983134,0.011129836775302764,0.9034934566983134,10
2025-06-09,1611392.0781298329,-0.0075524641765471025,0.0005843257367344162,-0.008136789913281518,0.5843257367344162,10
2025-06-16,1629837.39705541,0.012235417045883054,0.0007885946518047033,0.01144682239407835,0.7885946518047032,10
2025-06-23,1637995.7861071236,0.005643335111869012,0.0006376891091124944,0.005005646002756517,0.6376891091124944,10
2025-06-30,1632976.4704901336,-0.0019171830020315713,0.001147120129613759,-0.00306430313164533,1.147120129613759,10
2025-07-07,1618472.6523025387,-0.007997183083171577,0.0008846461713806585,-0.008881829254552236,0.8846461713806585,10
2025-07-14,1613906.2130677698,-0.0017461192145927012,0.0010753305196813682,-0.0028214497342740697,1.0753305196813683,10
2025-07-21,1596877.2825445752,-0.00939156055203341,0.001159814977295163,-0.010551375529328574,1.1598149772951631,10
2025-07-28,1590966.109310099,-0.003078946591441975,0.0006227612975054165,-0.0037017078889473917,0.6227612975054165,10
2025-08-04,1600642.5756024285,0.0067430692554907275,0.0006609369990558829,0.006082132256434844,0.6609369990558829,10
2025-08-11,1614586.8762178202,0.009601864689405666,0.0008901755041149224,0.008711689185290744,0.8901755041149224,10
2025-08-19,1596260.8472701565,-0.010507434937691844,0.0008428548594062871,-0.01135028979709813,0.8428548594062871,10
2025-08-26,1599454.6672199394,0.002825386535908139,0.0008245732256996769,0.002000813310208462,0.8245732256996768,10
2025-09-03,1612233.6194844886,0.0090150170997012,0.0010254488259339527,0.007989568273767247,1.0254488259339527,10
2025-09-10,1622764.167853282,0.007425605362112705,0.0008939537196164443,0.006531651642496261,0.8939537196164443,10
2025-09-17,1589361.5639290956,-0.019855016556799093,0.0007287531528648398,-0.020583769709663934,0.7287531528648398,10
2025-09-24,1611100.7010255745,0.014626040264160634,0.0009481348775869136,0.01367790538657372,0.9481348775869137,10
2025-10-01,1627379.9419342359,0.010564014485307239,0.00045959277020365225,0.010104421715103586,0.45959277020365225,10
2025-10-09,1670740.853969264,0.02706616699910808,0.0004215519846872998,0.02664461501442078,0.4215519846872998,10
2025-10-16,1672576.03023734,0.0021430604504250796,0.001044639792478098,0.0010984206579469815,1.0446397924780981,10
2025-10-24,1634228.2339982917,-0.02187463982061849,0.0010527461670945082,-0.022927385987713,1.0527461670945082,10
2025-10-31,1633335.3582487903,0.0004563353056593598,0.0010026945784501271,-0.0005463592727907674,1.0026945784501273,10
2025-11-10,1648113.8761607048,0.009759927533728547,0.0007118665600411991,0.009048060973687348,0.7118665600411991,10
2025-11-17,1650188.259228719,0.002423572744067698,0.0011649321258318066,0.0012586406182358912,1.1649321258318066,10
2025-11-24,1652239.4147792868,0.0023776248766812563,0.001134642120564422,0.0012429827561168342,1.1346421205644222,10
2025-12-01,1638742.1537533484,-0.007128072466674291,0.0010409984955635262,-0.008169070962237818,1.0409984955635263,10
2025-12-08,1628286.226096449,-0.005121654797484119,0.0012588045279511761,-0.006380459325435296,1.2588045279511761,10
2025-12-15,1634965.791177331,0.004734891721970021,0.000632685995587778,0.004102205726382243,0.632685995587778,10
2025-12-22,1622682.9648970407,-0.007022542484739335,0.0004900466755790784,-0.007512589160318413,0.49004667557907844,10
